Baking temperature (Â°C),Baking time (hours),Resistive switching film,Bottom electrode material,Top electrode material,SET Voltage,Set_voltage_kde
90.0,8.0,1,0,2,0.0,0.05209684885659277
90.0,8.0,1,0,2,0.01,0.05209684885659277
90.0,8.0,1,0,2,0.02,0.05209684885659277
90.0,8.0,1,0,2,0.03,0.05209684885659277
90.0,8.0,1,0,2,0.04,0.05209684885659277
90.0,8.0,1,0,2,0.05,0.05209684885659277
90.0,8.0,1,0,2,0.06,0.05209684885659277
90.0,8.0,1,0,2,0.07,0.05209684885659277
90.0,8.0,1,0,2,0.08,0.05209684885659277
90.0,8.0,1,0,2,0.09,0.05209684885659277
90.0,8.0,1,0,2,0.1,0.05209684885659277
90.0,8.0,1,0,2,0.11,0.05209684885659277
90.0,8.0,1,0,2,0.12,0.05209684885659277
90.0,8.0,1,0,2,0.13,0.05210657898832826
90.0,8.0,1,0,2,0.14,0.05210657898832826
90.0,8.0,1,0,2,0.15,0.05214788624818969
90.0,8.0,1,0,2,0.16,0.05217770783232842
90.0,8.0,1,0,2,0.17,0.052193210100749156
90.0,8.0,1,0,2,0.18,0.052193210100749156
90.0,8.0,1,0,2,0.19,0.052193210100749156
90.0,8.0,1,0,2,0.2,0.05223605464694226
90.0,8.0,1,0,2,0.21,0.05223605464694226
90.0,8.0,1,0,2,0.22,0.052308410422227045
90.0,8.0,1,0,2,0.23,0.052382574868867125
90.0,8.0,1,0,2,0.24,0.05241631475869471
90.0,8.0,1,0,2,0.25,0.05251014517279245
90.0,8.0,1,0,2,0.26,0.05261023936063993
90.0,8.0,1,0,2,0.27,0.05269206454315914
90.0,8.0,1,0,2,0.28,0.05269474941578024
90.0,8.0,1,0,2,0.29,0.05283643497101623
90.0,8.0,1,0,2,0.3,0.052954964151063634
90.0,8.0,1,0,2,0.31,0.05301506703622982
90.0,8.0,1,0,2,0.32,0.05319718763620737
90.0,8.0,1,0,2,0.33,0.05338902185691575
90.0,8.0,1,0,2,0.34,0.05348647515851207
90.0,8.0,1,0,2,0.35,0.053661599156673484
90.0,8.0,1,0,2,0.36,0.053823442992900754
90.0,8.0,1,0,2,0.37,0.05393041218318209
90.0,8.0,1,0,2,0.38,0.053993815135891673
90.0,8.0,1,0,2,0.39,0.054030226140153334
90.0,8.0,1,0,2,0.4,0.05418677082602163
90.0,8.0,1,0,2,0.41,0.05418677082602163
90.0,8.0,1,0,2,0.42,0.054288623918208545
90.0,8.0,1,0,2,0.43,0.05429043891009282
90.0,8.0,1,0,2,0.44,0.05431336089729703
90.0,8.0,1,0,2,0.45,0.05433386488075221
90.0,8.0,1,0,2,0.46,0.05435741707146193
90.0,8.0,1,0,2,0.47,0.05436867154509106
90.0,8.0,1,0,2,0.48,0.05436867154509106
90.0,8.0,1,0,2,0.49,0.05438644231585894
90.0,8.0,1,0,2,0.5,0.05438644231585894
90.0,8.0,1,0,2,0.51,0.05443460860274705
90.0,8.0,1,0,2,0.52,0.05461720260685059
90.0,8.0,1,0,2,0.53,0.05476198035762412
90.0,8.0,1,0,2,0.54,0.05491403852970582
90.0,8.0,1,0,2,0.55,0.05497679890772403
90.0,8.0,1,0,2,0.56,0.055093477288474746
90.0,8.0,1,0,2,0.5700000000000001,0.055358507469028956
90.0,8.0,1,0,2,0.58,0.055712104319663745
90.0,8.0,1,0,2,0.59,0.056077354416937945
90.0,8.0,1,0,2,0.6,0.05627034472418356
90.0,8.0,1,0,2,0.61,0.056503091868590836
90.0,8.0,1,0,2,0.62,0.05661243756960424
90.0,8.0,1,0,2,0.63,0.05682092234123712
90.0,8.0,1,0,2,0.64,0.057265766999847284
90.0,8.0,1,0,2,0.65,0.057589736393562185
90.0,8.0,1,0,2,0.66,0.05787374323529888
90.0,8.0,1,0,2,0.67,0.05820561014432177
90.0,8.0,1,0,2,0.68,0.05887953572674634
90.0,8.0,1,0,2,0.6900000000000001,0.05944986783957189
90.0,8.0,1,0,2,0.7000000000000001,0.06008606871445932
90.0,8.0,1,0,2,0.71,0.060569532770044565
90.0,8.0,1,0,2,0.72,0.06104940470345181
90.0,8.0,1,0,2,0.73,0.06148248514253063
90.0,8.0,1,0,2,0.74,0.061883621210449116
90.0,8.0,1,0,2,0.75,0.06261333279541195
90.0,8.0,1,0,2,0.76,0.0639399835728645
90.0,8.0,1,0,2,0.77,0.06489925873388469
90.0,8.0,1,0,2,0.78,0.06578345240023294
90.0,8.0,1,0,2,0.79,0.0673290945937105
90.0,8.0,1,0,2,0.8,0.06910964000254585
90.0,8.0,1,0,2,0.81,0.0722947373753767
90.0,8.0,1,0,2,0.8200000000000001,0.07436098608905388
90.0,8.0,1,0,2,0.8300000000000001,0.07677492918813096
90.0,8.0,1,0,2,0.84,0.0788782348078136
90.0,8.0,1,0,2,0.85,0.08131913287729191
90.0,8.0,1,0,2,0.86,0.08308034797724353
90.0,8.0,1,0,2,0.87,0.08443098027905753
90.0,8.0,1,0,2,0.88,0.08630866206544223
90.0,8.0,1,0,2,0.89,0.08763703831576118
90.0,8.0,1,0,2,0.9,0.08874494236028785
90.0,8.0,1,0,2,0.91,0.08961583370001942
90.0,8.0,1,0,2,0.92,0.09007431132461403
90.0,8.0,1,0,2,0.93,0.092838500795384
90.0,8.0,1,0,2,0.94,0.09428757041423229
90.0,8.0,1,0,2,0.95,0.09519160067113058
90.0,8.0,1,0,2,0.96,0.09623898294183408
90.0,8.0,1,0,2,0.97,0.09724560766089206
90.0,8.0,1,0,2,0.98,0.09848847602309022
90.0,8.0,1,0,2,0.99,0.09935763410137241
90.0,8.0,1,0,2,1.0,0.10080082739099414
90.0,8.0,1,0,2,1.01,0.10242344179463343
90.0,8.0,1,0,2,1.02,0.10406624121192307
90.0,8.0,1,0,2,1.03,0.10544826979044697
90.0,8.0,1,0,2,1.04,0.10700572484630012
90.0,8.0,1,0,2,1.05,0.10865429659180612
90.0,8.0,1,0,2,1.06,0.1099765637426691
90.0,8.0,1,0,2,1.07,0.11152773338538285
90.0,8.0,1,0,2,1.08,0.11282544822935459
90.0,8.0,1,0,2,1.09,0.11491821737353243
90.0,8.0,1,0,2,1.1,0.11708594758125124
90.0,8.0,1,0,2,1.11,0.11842017242448406
90.0,8.0,1,0,2,1.12,0.11969599359020107
90.0,8.0,1,0,2,1.13,0.12280169339086662
90.0,8.0,1,0,2,1.14,0.12539895841394
90.0,8.0,1,0,2,1.15,0.1288207333050288
90.0,8.0,1,0,2,1.16,0.13057940755216832
90.0,8.0,1,0,2,1.17,0.1317295601927354
90.0,8.0,1,0,2,1.18,0.13283296242371212
90.0,8.0,1,0,2,1.19,0.13420397598899872
90.0,8.0,1,0,2,1.2,0.13540220135892325
90.0,8.0,1,0,2,1.21,0.13633815597768326
90.0,8.0,1,0,2,1.22,0.13777670227144465
90.0,8.0,1,0,2,1.23,0.1385147115037279
90.0,8.0,1,0,2,1.24,0.13933163950569774
90.0,8.0,1,0,2,1.25,0.14112475408029324
90.0,8.0,1,0,2,1.26,0.14210293065906396
90.0,8.0,1,0,2,1.27,0.14290208542554367
90.0,8.0,1,0,2,1.28,0.14360074367377149
90.0,8.0,1,0,2,1.29,0.14392489250038243
90.0,8.0,1,0,2,1.3,0.14446201831611374
90.0,8.0,1,0,2,1.31,0.14502727455261308
90.0,8.0,1,0,2,1.32,0.14586405154438378
90.0,8.0,1,0,2,1.33,0.14615374854935592
90.0,8.0,1,0,2,1.34,0.1469865906011676
90.0,8.0,1,0,2,1.35,0.14739960765345858
90.0,8.0,1,0,2,1.36,0.14788170219391078
90.0,8.0,1,0,2,1.37,0.14843567105121394
90.0,8.0,1,0,2,1.38,0.1488239433799004
90.0,8.0,1,0,2,1.39,0.14938363292509285
90.0,8.0,1,0,2,1.4,0.14982446660754817
90.0,8.0,1,0,2,1.41,0.15009202503079494
90.0,8.0,1,0,2,1.42,0.15083894902051098
90.0,8.0,1,0,2,1.43,0.15130021439311758
90.0,8.0,1,0,2,1.44,0.15130021439311758
90.0,8.0,1,0,2,1.45,0.15130021439311758
90.0,8.0,1,0,2,1.46,0.15173914464524857
90.0,8.0,1,0,2,1.47,0.1518808082239357
90.0,8.0,1,0,2,1.48,0.15217740953959388
90.0,8.0,1,0,2,1.49,0.15236896210758455
90.0,8.0,1,0,2,1.5,0.1527030105923455
90.0,8.0,1,0,2,1.51,0.1527289688987321
90.0,8.0,1,0,2,1.52,0.1527664779242835
90.0,8.0,1,0,2,1.53,0.15299897477661648
90.0,8.0,1,0,2,1.54,0.1530428524638535
90.0,8.0,1,0,2,1.55,0.15317896713958945
90.0,8.0,1,0,2,1.56,0.15332584101963126
90.0,8.0,1,0,2,1.57,0.15332584101963126
90.0,8.0,1,0,2,1.58,0.15361644608394434
90.0,8.0,1,0,2,1.59,0.15381585054636782
90.0,8.0,1,0,2,1.6,0.15406228538243535
90.0,8.0,1,0,2,1.61,0.15414075316770315
90.0,8.0,1,0,2,1.62,0.15428031497407577
90.0,8.0,1,0,2,1.63,0.15461001833647423
90.0,8.0,1,0,2,1.64,0.15484105007964058
90.0,8.0,1,0,2,1.65,0.15491335728691344
90.0,8.0,1,0,2,1.66,0.15506706506977902
90.0,8.0,1,0,2,1.67,0.15529154798125103
90.0,8.0,1,0,2,1.68,0.15543881498418982
90.0,8.0,1,0,2,1.69,0.1558166542439805
90.0,8.0,1,0,2,1.7,0.15607326424253526
90.0,8.0,1,0,2,1.71,0.15628809276557543
90.0,8.0,1,0,2,1.72,0.1564387060344936
90.0,8.0,1,0,2,1.73,0.15651861243601276
90.0,8.0,1,0,2,1.74,0.15690031328435436
90.0,8.0,1,0,2,1.75,0.15713637525242627
90.0,8.0,1,0,2,1.76,0.15762372804317867
90.0,8.0,1,0,2,1.77,0.15778045063435442
90.0,8.0,1,0,2,1.78,0.15800189911288148
90.0,8.0,1,0,2,1.79,0.15858347568665174
90.0,8.0,1,0,2,1.8,0.15885379019692913
90.0,8.0,1,0,2,1.81,0.15951115400057797
90.0,8.0,1,0,2,1.82,0.15955176399537468
90.0,8.0,1,0,2,1.83,0.15978779607786078
90.0,8.0,1,0,2,1.84,0.16003316064056106
90.0,8.0,1,0,2,1.85,0.16075647709305635
90.0,8.0,1,0,2,1.86,0.16094087264428322
90.0,8.0,1,0,2,1.87,0.16110194057168278
90.0,8.0,1,0,2,1.88,0.1613322813557522
90.0,8.0,1,0,2,1.89,0.161728613258998
90.0,8.0,1,0,2,1.9,0.16226153988815106
90.0,8.0,1,0,2,1.91,0.16259284677943509
90.0,8.0,1,0,2,1.92,0.1632654896979619
90.0,8.0,1,0,2,1.93,0.16406105569688442
90.0,8.0,1,0,2,1.94,0.16436293660948728
90.0,8.0,1,0,2,1.95,0.16458893440925088
90.0,8.0,1,0,2,1.96,0.1650772698527606
90.0,8.0,1,0,2,1.97,0.16600370015405133
90.0,8.0,1,0,2,1.98,0.1672001737752899
90.0,8.0,1,0,2,1.99,0.16796208473836458
90.0,8.0,1,0,2,2.0,0.16839387967214037
90.0,8.0,1,0,2,2.01,0.16903734947209276
90.0,8.0,1,0,2,2.02,0.1702557902880141
90.0,8.0,1,0,2,2.03,0.1707841068469114
90.0,8.0,1,0,2,2.04,0.1715046762661835
90.0,8.0,1,0,2,2.05,0.17269557260566043
90.0,8.0,1,0,2,2.06,0.17336802745799404
90.0,8.0,1,0,2,2.07,0.1740960074654025
90.0,8.0,1,0,2,2.08,0.17547577656232824
90.0,8.0,1,0,2,2.09,0.17706219572127935
90.0,8.0,1,0,2,2.1,0.177891286133405
90.0,8.0,1,0,2,2.11,0.17954749485703325
90.0,8.0,1,0,2,2.12,0.18047861391305056
90.0,8.0,1,0,2,2.13,0.18283497572218443
90.0,8.0,1,0,2,2.14,0.1841789793709878
90.0,8.0,1,0,2,2.15,0.18609546715331265
90.0,8.0,1,0,2,2.16,0.18726477339150033
90.0,8.0,1,0,2,2.17,0.1886444005835683
90.0,8.0,1,0,2,2.18,0.19019866106032718
90.0,8.0,1,0,2,2.19,0.19108294457502925
90.0,8.0,1,0,2,2.2,0.19197371978605826
90.0,8.0,1,0,2,2.21,0.19279902643359534
90.0,8.0,1,0,2,2.22,0.1938093731605954
90.0,8.0,1,0,2,2.23,0.1944181536620488
90.0,8.0,1,0,2,2.24,0.19509793118201849
90.0,8.0,1,0,2,2.25,0.1954704651310365
90.0,8.0,1,0,2,2.26,0.1960412255528347
90.0,8.0,1,0,2,2.27,0.1968133903474928
90.0,8.0,1,0,2,2.28,0.19708883718406817
90.0,8.0,1,0,2,2.29,0.19761737423655362
90.0,8.0,1,0,2,2.3000000000000003,0.19803813245053234
90.0,8.0,1,0,2,2.31,0.19847625502436586
90.0,8.0,1,0,2,2.32,0.19903514101616562
90.0,8.0,1,0,2,2.33,0.19919818107854503
90.0,8.0,1,0,2,2.34,0.19949393655094722
90.0,8.0,1,0,2,2.35,0.19977191688565102
90.0,8.0,1,0,2,2.36,0.19984325618535234
90.0,8.0,1,0,2,2.37,0.20001431989166452
90.0,8.0,1,0,2,2.38,0.20020037182099618
90.0,8.0,1,0,2,2.39,0.20050029987228993
90.0,8.0,1,0,2,2.4,0.20070543018733455
90.0,8.0,1,0,2,2.41,0.2010722916680829
90.0,8.0,1,0,2,2.42,0.20120545625291103
90.0,8.0,1,0,2,2.43,0.201239286111509
90.0,8.0,1,0,2,2.44,0.201239286111509
90.0,8.0,1,0,2,2.45,0.20126186163739182
90.0,8.0,1,0,2,2.46,0.20142438949786165
90.0,8.0,1,0,2,2.47,0.20149458700260373
90.0,8.0,1,0,2,2.48,0.20157913682361664
90.0,8.0,1,0,2,2.49,0.20164233824747568
90.0,8.0,1,0,2,2.5,0.20189748272093094
90.0,8.0,1,0,2,2.51,0.202000342750754
90.0,8.0,1,0,2,2.52,0.2022026487207842
90.0,8.0,1,0,2,2.53,0.2023206980612419
90.0,8.0,1,0,2,2.54,0.20238656632083857
90.0,8.0,1,0,2,2.5500000000000003,0.20247328090717853
90.0,8.0,1,0,2,2.56,0.20247328090717853
90.0,8.0,1,0,2,2.57,0.20253353288860698
90.0,8.0,1,0,2,2.58,0.20253353288860698
90.0,8.0,1,0,2,2.59,0.20253353288860698
90.0,8.0,1,0,2,2.6,0.20253353288860698
90.0,8.0,1,0,2,2.61,0.20253353288860698
90.0,8.0,1,0,2,2.62,0.20253353288860698
90.0,8.0,1,0,2,2.63,0.20253353288860698
90.0,8.0,1,0,2,2.64,0.20253353288860698
90.0,8.0,1,0,2,2.65,0.20253353288860698
90.0,8.0,1,0,2,2.66,0.20255606993676895
90.0,8.0,1,0,2,2.67,0.2025713249740787
90.0,8.0,1,0,2,2.68,0.2027516105140937
90.0,8.0,1,0,2,2.69,0.20305758543687882
90.0,8.0,1,0,2,2.7,0.20357600982201954
90.0,8.0,1,0,2,2.71,0.20402686814440812
90.0,8.0,1,0,2,2.72,0.2045211931288296
90.0,8.0,1,0,2,2.73,0.20468280860331117
90.0,8.0,1,0,2,2.74,0.20502046016801645
90.0,8.0,1,0,2,2.75,0.20537932089127475
90.0,8.0,1,0,2,2.76,0.20560014169537605
90.0,8.0,1,0,2,2.77,0.20622963072063577
90.0,8.0,1,0,2,2.78,0.206612444214017
90.0,8.0,1,0,2,2.79,0.2067163872140418
90.0,8.0,1,0,2,2.8000000000000003,0.20717492055300965
90.0,8.0,1,0,2,2.81,0.20751710911662813
90.0,8.0,1,0,2,2.82,0.20806020506022235
90.0,8.0,1,0,2,2.83,0.2084499918823747
90.0,8.0,1,0,2,2.84,0.20884224513553248
90.0,8.0,1,0,2,2.85,0.20898157951106064
90.0,8.0,1,0,2,2.86,0.20914560243070923
90.0,8.0,1,0,2,2.87,0.2091857595634974
90.0,8.0,1,0,2,2.88,0.20932935962240748
90.0,8.0,1,0,2,2.89,0.2094182067781218
90.0,8.0,1,0,2,2.9,0.20956688664029355
90.0,8.0,1,0,2,2.91,0.20958743128380408
90.0,8.0,1,0,2,2.92,0.21006907739417255
90.0,8.0,1,0,2,2.93,0.21025789833444145
90.0,8.0,1,0,2,2.94,0.21041247102457386
90.0,8.0,1,0,2,2.95,0.21077754041835764
90.0,8.0,1,0,2,2.96,0.21104339194662322
90.0,8.0,1,0,2,2.97,0.21131747982210503
90.0,8.0,1,0,2,2.98,0.21139040287776215
90.0,8.0,1,0,2,2.99,0.21155262719734177
90.0,8.0,1,0,2,3.0,0.21181431182794377
90.0,8.0,1,0,2,3.01,0.21190538996025907
90.0,8.0,1,0,2,3.02,0.21243066705890276
90.0,8.0,1,0,2,3.03,0.2127225486929644
90.0,8.0,1,0,2,3.04,0.21320248173965475
90.0,8.0,1,0,2,3.0500000000000003,0.21343392638414646
90.0,8.0,1,0,2,3.06,0.21379826290948095
90.0,8.0,1,0,2,3.0700000000000003,0.2142625307644918
90.0,8.0,1,0,2,3.08,0.21444373686830528
90.0,8.0,1,0,2,3.09,0.2146027087881726
90.0,8.0,1,0,2,3.1,0.21538202363055675
90.0,8.0,1,0,2,3.11,0.2155216565772785
90.0,8.0,1,0,2,3.12,0.21567317742841755
90.0,8.0,1,0,2,3.13,0.21573078900577003
90.0,8.0,1,0,2,3.14,0.21577942814218531
90.0,8.0,1,0,2,3.15,0.2162320747829674
90.0,8.0,1,0,2,3.16,0.2164853290167638
90.0,8.0,1,0,2,3.17,0.21689552682761185
90.0,8.0,1,0,2,3.18,0.2169449549159353
90.0,8.0,1,0,2,3.19,0.217278544326012
90.0,8.0,1,0,2,3.2,0.2175548934667757
90.0,8.0,1,0,2,3.21,0.2176258376260839
90.0,8.0,1,0,2,3.22,0.217802353195829
90.0,8.0,1,0,2,3.23,0.21895269403330403
90.0,8.0,1,0,2,3.24,0.21925227319071927
90.0,8.0,1,0,2,3.25,0.21971542508344247
90.0,8.0,1,0,2,3.26,0.22004466186407817
90.0,8.0,1,0,2,3.27,0.22035350695883352
90.0,8.0,1,0,2,3.28,0.22089369055558755
90.0,8.0,1,0,2,3.29,0.22078520255191234
90.0,8.0,1,0,2,3.3000000000000003,0.22082932771924824
90.0,8.0,1,0,2,3.31,0.22043458094713675
90.0,8.0,1,0,2,3.3200000000000003,0.22059543377158108
90.0,8.0,1,0,2,3.33,0.22074399847667403
90.0,8.0,1,0,2,3.34,0.2206974183323583
90.0,8.0,1,0,2,3.35,0.22064031097799292
90.0,8.0,1,0,2,3.36,0.22023053858303204
90.0,8.0,1,0,2,3.37,0.22075511582608898
90.0,8.0,1,0,2,3.38,0.2209064982089273
90.0,8.0,1,0,2,3.39,0.2204130293633582
90.0,8.0,1,0,2,3.4,0.220338933863839
90.0,8.0,1,0,2,3.41,0.22035912967859503
90.0,8.0,1,0,2,3.42,0.21991802081200384
90.0,8.0,1,0,2,3.43,0.21938480253643405
90.0,8.0,1,0,2,3.44,0.21880311044026216
90.0,8.0,1,0,2,3.45,0.2184359057028361
90.0,8.0,1,0,2,3.46,0.21855407809083516
90.0,8.0,1,0,2,3.47,0.21838997076564282
90.0,8.0,1,0,2,3.48,0.21804100560545095
90.0,8.0,1,0,2,3.49,0.21747112964688092
90.0,8.0,1,0,2,3.5,0.21695974954448688
90.0,8.0,1,0,2,3.51,0.21664214072959986
90.0,8.0,1,0,2,3.52,0.2163930794192777
90.0,8.0,1,0,2,3.53,0.21576847720052514
90.0,8.0,1,0,2,3.54,0.2154882897200625
90.0,8.0,1,0,2,3.5500000000000003,0.2154882897200625
90.0,8.0,1,0,2,3.56,0.21376137998494635
90.0,8.0,1,0,2,3.5700000000000003,0.21209114203004933
90.0,8.0,1,0,2,3.58,0.21167124888774114
90.0,8.0,1,0,2,3.59,0.2112853978934252
90.0,8.0,1,0,2,3.6,0.21049659361498244
90.0,8.0,1,0,2,3.61,0.20965606783300902
90.0,8.0,1,0,2,3.62,0.20921131328249742
90.0,8.0,1,0,2,3.63,0.20849798361369234
90.0,8.0,1,0,2,3.64,0.20770453290918361
90.0,8.0,1,0,2,3.65,0.20633151022333035
90.0,8.0,1,0,2,3.66,0.20514313484998442
90.0,8.0,1,0,2,3.67,0.20410928151364482
90.0,8.0,1,0,2,3.68,0.20295061867196068
90.0,8.0,1,0,2,3.69,0.20211659852618144
90.0,8.0,1,0,2,3.7,0.20158487539531544
90.0,8.0,1,0,2,3.71,0.20085439309852443
90.0,8.0,1,0,2,3.72,0.2003252106125316
90.0,8.0,1,0,2,3.73,0.1999171583226358
90.0,8.0,1,0,2,3.74,0.19963536887279212
90.0,8.0,1,0,2,3.75,0.19922737093606885
90.0,8.0,1,0,2,3.76,0.19902449685581708
90.0,8.0,1,0,2,3.77,0.19859384500689117
90.0,8.0,1,0,2,3.78,0.1984468606851939
90.0,8.0,1,0,2,3.79,0.19832618142256564
90.0,8.0,1,0,2,3.8,0.19817211708037683
90.0,8.0,1,0,2,3.81,0.19790370403819285
90.0,8.0,1,0,2,3.82,0.19775977107277107
90.0,8.0,1,0,2,3.83,0.1975921308824771
90.0,8.0,1,0,2,3.84,0.19748050050666704
90.0,8.0,1,0,2,3.85,0.19719663263051918
90.0,8.0,1,0,2,3.86,0.19698339537003487
90.0,8.0,1,0,2,3.87,0.19687823526288156
90.0,8.0,1,0,2,3.88,0.19665764464866178
90.0,8.0,1,0,2,3.89,0.19658216750583665
90.0,8.0,1,0,2,3.9,0.196284313368266
90.0,8.0,1,0,2,3.91,0.19614747741924504
90.0,8.0,1,0,2,3.92,0.19598113207170814
90.0,8.0,1,0,2,3.93,0.19580138398066602
90.0,8.0,1,0,2,3.94,0.1956500047713659
90.0,8.0,1,0,2,3.95,0.1952801298272661
90.0,8.0,1,0,2,3.96,0.19504510074320203
90.0,8.0,1,0,2,3.97,0.1946902927318612
90.0,8.0,1,0,2,3.98,0.19437870956502237
90.0,8.0,1,0,2,3.99,0.19398684804275362
90.0,8.0,1,0,2,4.0,0.19380025462078426
90.0,8.0,1,0,2,4.01,0.1936169756630363
90.0,8.0,1,0,2,4.0200000000000005,0.19338498870049256
90.0,8.0,1,0,2,4.03,0.19327182223443715
90.0,8.0,1,0,2,4.04,0.19324631882468818
90.0,8.0,1,0,2,4.05,0.19302939087945903
90.0,8.0,1,0,2,4.0600000000000005,0.19301557111811754
90.0,8.0,1,0,2,4.07,0.19302945643215197
90.0,8.0,1,0,2,4.08,0.19310190103436572
90.0,8.0,1,0,2,4.09,0.19304056938464773
90.0,8.0,1,0,2,4.1,0.19295139826044408
90.0,8.0,1,0,2,4.11,0.1927418877092233
90.0,8.0,1,0,2,4.12,0.19269559402846137
90.0,8.0,1,0,2,4.13,0.1926339271841174
90.0,8.0,1,0,2,4.14,0.19263890476450732
90.0,8.0,1,0,2,4.15,0.19264968158077134
90.0,8.0,1,0,2,4.16,0.19256654338256637
90.0,8.0,1,0,2,4.17,0.1924695916888226
90.0,8.0,1,0,2,4.18,0.1924625098648074
90.0,8.0,1,0,2,4.19,0.192415487134866
90.0,8.0,1,0,2,4.2,0.19236944476697718
90.0,8.0,1,0,2,4.21,0.1923250942087553
90.0,8.0,1,0,2,4.22,0.19217848278982427
90.0,8.0,1,0,2,4.23,0.19215690776294475
90.0,8.0,1,0,2,4.24,0.19206834244246526
90.0,8.0,1,0,2,4.25,0.19200697241211387
90.0,8.0,1,0,2,4.26,0.19197329846694697
90.0,8.0,1,0,2,4.2700000000000005,0.1919582763007919
90.0,8.0,1,0,2,4.28,0.19195320552334597
90.0,8.0,1,0,2,4.29,0.19195555325034822
90.0,8.0,1,0,2,4.3,0.19184901609623367
90.0,8.0,1,0,2,4.3100000000000005,0.19185811185237686
90.0,8.0,1,0,2,4.32,0.19186860510222276
90.0,8.0,1,0,2,4.33,0.19183688988884953
90.0,8.0,1,0,2,4.34,0.19183538689578453
90.0,8.0,1,0,2,4.3500000000000005,0.1917708248744184
90.0,8.0,1,0,2,4.36,0.19172469783051826
90.0,8.0,1,0,2,4.37,0.1917230636119713
90.0,8.0,1,0,2,4.38,0.19171781595489495
90.0,8.0,1,0,2,4.39,0.19171781595489495
90.0,8.0,1,0,2,4.4,0.19156835516198825
90.0,8.0,1,0,2,4.41,0.1915058101405897
90.0,8.0,1,0,2,4.42,0.19146692905750742
90.0,8.0,1,0,2,4.43,0.19145408348844545
90.0,8.0,1,0,2,4.44,0.1913861196938845
90.0,8.0,1,0,2,4.45,0.19135578797812905
90.0,8.0,1,0,2,4.46,0.19134213361238625
90.0,8.0,1,0,2,4.47,0.19132635085387026
90.0,8.0,1,0,2,4.48,0.1913207805824778
90.0,8.0,1,0,2,4.49,0.1913035145522065
90.0,8.0,1,0,2,4.5,0.1912467529353113
90.0,8.0,1,0,2,4.51,0.19122008771874197
90.0,8.0,1,0,2,4.5200000000000005,0.19115978589416635
90.0,8.0,1,0,2,4.53,0.1911044025042882
90.0,8.0,1,0,2,4.54,0.19110465264711238
90.0,8.0,1,0,2,4.55,0.19110465264711238
90.0,8.0,1,0,2,4.5600000000000005,0.19110465264711238
90.0,8.0,1,0,2,4.57,0.19108919519178846
90.0,8.0,1,0,2,4.58,0.19103601146910182
90.0,8.0,1,0,2,4.59,0.19103152981556432
90.0,8.0,1,0,2,4.6000000000000005,0.19101231689119189
90.0,8.0,1,0,2,4.61,0.19102147450270557
90.0,8.0,1,0,2,4.62,0.1910364888508328
90.0,8.0,1,0,2,4.63,0.1910364888508328
90.0,8.0,1,0,2,4.64,0.19099689489117008
90.0,8.0,1,0,2,4.65,0.190902082499796
90.0,8.0,1,0,2,4.66,0.190902082499796
90.0,8.0,1,0,2,4.67,0.19088090596243845
90.0,8.0,1,0,2,4.68,0.19086559505961267
90.0,8.0,1,0,2,4.69,0.19081989478177064
90.0,8.0,1,0,2,4.7,0.19080761918400366
90.0,8.0,1,0,2,4.71,0.19077718025531676
90.0,8.0,1,0,2,4.72,0.1906933995411737
90.0,8.0,1,0,2,4.73,0.19052291560630405
90.0,8.0,1,0,2,4.74,0.19045803772104083
90.0,8.0,1,0,2,4.75,0.19039438785258583
90.0,8.0,1,0,2,4.76,0.1903371549851748
90.0,8.0,1,0,2,4.7700000000000005,0.1902751230071735
90.0,8.0,1,0,2,4.78,0.19013499358158284
90.0,8.0,1,0,2,4.79,0.19006768590458645
90.0,8.0,1,0,2,4.8,0.18991359874560146
90.0,8.0,1,0,2,4.8100000000000005,0.18982805588660517
90.0,8.0,1,0,2,4.82,0.18965996191740905
90.0,8.0,1,0,2,4.83,0.18939896796727573
90.0,8.0,1,0,2,4.84,0.18919777615238562
90.0,8.0,1,0,2,4.8500000000000005,0.18903272425286524
90.0,8.0,1,0,2,4.86,0.18876671362123568
90.0,8.0,1,0,2,4.87,0.18864953589369748
90.0,8.0,1,0,2,4.88,0.18851335698531296
90.0,8.0,1,0,2,4.89,0.18811412846065306
90.0,8.0,1,0,2,4.9,0.1877963500584362
90.0,8.0,1,0,2,4.91,0.18750107118279793
90.0,8.0,1,0,2,4.92,0.1871899147944836
90.0,8.0,1,0,2,4.93,0.18703791358001415
90.0,8.0,1,0,2,4.94,0.1865096967031577
90.0,8.0,1,0,2,4.95,0.18612975179603794
90.0,8.0,1,0,2,4.96,0.1858140150879939
90.0,8.0,1,0,2,4.97,0.18544367270374507
90.0,8.0,1,0,2,4.98,0.18483013929682574
90.0,8.0,1,0,2,4.99,0.18419516849886086
90.0,8.0,1,0,2,5.0,0.18307955033114756
90.0,8.0,1,0,2,5.01,0.1827960657926164
90.0,8.0,1,0,2,5.0200000000000005,0.182564081177014
90.0,8.0,1,0,2,5.03,0.1822167805669551
90.0,8.0,1,0,2,5.04,0.18183337840593544
90.0,8.0,1,0,2,5.05,0.18121994006437517
90.0,8.0,1,0,2,5.0600000000000005,0.18078329858638464
90.0,8.0,1,0,2,5.07,0.18041035647131348
90.0,8.0,1,0,2,5.08,0.17977688232141695
90.0,8.0,1,0,2,5.09,0.17932208533298258
90.0,8.0,1,0,2,5.1000000000000005,0.17883951414007407
90.0,8.0,1,0,2,5.11,0.17836232502369462
90.0,8.0,1,0,2,5.12,0.17795717852600845
90.0,8.0,1,0,2,5.13,0.17708698027775716
90.0,8.0,1,0,2,5.14,0.1767566464592788
90.0,8.0,1,0,2,5.15,0.17605255025377833
90.0,8.0,1,0,2,5.16,0.1751662254774563
90.0,8.0,1,0,2,5.17,0.17411117500824705
90.0,8.0,1,0,2,5.18,0.17289716826084578
90.0,8.0,1,0,2,5.19,0.1719848411433786
90.0,8.0,1,0,2,5.2,0.17066408877536823
90.0,8.0,1,0,2,5.21,0.16803328009552768
90.0,8.0,1,0,2,5.22,0.16729456995189154
90.0,8.0,1,0,2,5.23,0.16600361796434346
90.0,8.0,1,0,2,5.24,0.16477991467383096
90.0,8.0,1,0,2,5.25,0.16331224670407984
90.0,8.0,1,0,2,5.26,0.16176498470688785
90.0,8.0,1,0,2,5.2700000000000005,0.16086247282596916
90.0,8.0,1,0,2,5.28,0.15989773774026497
90.0,8.0,1,0,2,5.29,0.1585704131195501
90.0,8.0,1,0,2,5.3,0.15751348585751487
90.0,8.0,1,0,2,5.3100000000000005,0.1558557570879685
90.0,8.0,1,0,2,5.32,0.15428040085241757
90.0,8.0,1,0,2,5.33,0.1533131707087349
90.0,8.0,1,0,2,5.34,0.15185388689865387
90.0,8.0,1,0,2,5.3500000000000005,0.15068794893083473
90.0,8.0,1,0,2,5.36,0.14912693729227805
90.0,8.0,1,0,2,5.37,0.14786724679732102
90.0,8.0,1,0,2,5.38,0.14521843608458046
90.0,8.0,1,0,2,5.39,0.14391923527804085
90.0,8.0,1,0,2,5.4,0.14294925067454037
90.0,8.0,1,0,2,5.41,0.14166778705309888
90.0,8.0,1,0,2,5.42,0.1389918311253453
90.0,8.0,1,0,2,5.43,0.13605106688417623
90.0,8.0,1,0,2,5.44,0.13322504633255736
90.0,8.0,1,0,2,5.45,0.13215948021850646
90.0,8.0,1,0,2,5.46,0.12982611079604595
90.0,8.0,1,0,2,5.47,0.12758497611741898
90.0,8.0,1,0,2,5.48,0.12599902913363178
90.0,8.0,1,0,2,5.49,0.12492868481400603
90.0,8.0,1,0,2,5.5,0.12410522392033446
90.0,8.0,1,0,2,5.51,0.12247178286415095
90.0,8.0,1,0,2,5.5200000000000005,0.12133221434396525
90.0,8.0,1,0,2,5.53,0.11989769468302926
90.0,8.0,1,0,2,5.54,0.11848385893448597
90.0,8.0,1,0,2,5.55,0.11664559642344643
90.0,8.0,1,0,2,5.5600000000000005,0.11551326709282417
90.0,8.0,1,0,2,5.57,0.11331009310702585
90.0,8.0,1,0,2,5.58,0.1115408496625675
90.0,8.0,1,0,2,5.59,0.11061495457253924
90.0,8.0,1,0,2,5.6000000000000005,0.10904741808931036
90.0,8.0,1,0,2,5.61,0.10623849537917948
90.0,8.0,1,0,2,5.62,0.10524772401845198
90.0,8.0,1,0,2,5.63,0.10283827214637953
90.0,8.0,1,0,2,5.64,0.10187110009064612
90.0,8.0,1,0,2,5.65,0.09946269767912087
90.0,8.0,1,0,2,5.66,0.0977773047639574
90.0,8.0,1,0,2,5.67,0.09555966158464203
90.0,8.0,1,0,2,5.68,0.09525817702571374
90.0,8.0,1,0,2,5.69,0.09343100791323923
90.0,8.0,1,0,2,5.7,0.092088549627033
90.0,8.0,1,0,2,5.71,0.09141774374584752
90.0,8.0,1,0,2,5.72,0.08998738902052908
90.0,8.0,1,0,2,5.73,0.0893819707611507
90.0,8.0,1,0,2,5.74,0.08807246515923545
90.0,8.0,1,0,2,5.75,0.08704987284938243
90.0,8.0,1,0,2,5.76,0.08557729122856936
90.0,8.0,1,0,2,5.7700000000000005,0.08403124751690674
90.0,8.0,1,0,2,5.78,0.08242009689352675
90.0,8.0,1,0,2,5.79,0.08146913808855523
90.0,8.0,1,0,2,5.8,0.07908974078264029
90.0,8.0,1,0,2,5.8100000000000005,0.07828492187871167
90.0,8.0,1,0,2,5.82,0.07684124781761116
90.0,8.0,1,0,2,5.83,0.0766327787618207
90.0,8.0,1,0,2,5.84,0.0757422183345967
90.0,8.0,1,0,2,5.8500000000000005,0.07482207515326394
90.0,8.0,1,0,2,5.86,0.07401324543418628
90.0,8.0,1,0,2,5.87,0.07311354566247903
90.0,8.0,1,0,2,5.88,0.07237951422234278
90.0,8.0,1,0,2,5.89,0.07161787909312613
90.0,8.0,1,0,2,5.9,0.07042119251528295
90.0,8.0,1,0,2,5.91,0.06963121127051092
90.0,8.0,1,0,2,5.92,0.0679909733752866
90.0,8.0,1,0,2,5.93,0.06750394482534174
90.0,8.0,1,0,2,5.94,0.06700855131854308
90.0,8.0,1,0,2,5.95,0.06664127112329025
90.0,8.0,1,0,2,5.96,0.06604459398732201
90.0,8.0,1,0,2,5.97,0.06553037803600349
90.0,8.0,1,0,2,5.98,0.06463832115570617
90.0,8.0,1,0,2,5.99,0.06435235097495759
90.0,8.0,1,0,2,6.0,0.0633274069666255
90.0,8.0,1,0,2,6.01,0.06242897368602434
90.0,8.0,1,0,2,6.0200000000000005,0.06195859800426419
90.0,8.0,1,0,2,6.03,0.06138717354063178
90.0,8.0,1,0,2,6.04,0.061216025855971586
90.0,8.0,1,0,2,6.05,0.06102543787140432
90.0,8.0,1,0,2,6.0600000000000005,0.06080724076088407
90.0,8.0,1,0,2,6.07,0.06032076603664144
90.0,8.0,1,0,2,6.08,0.0597671594462654
90.0,8.0,1,0,2,6.09,0.059551619732992764
90.0,8.0,1,0,2,6.1000000000000005,0.05926842107682344
90.0,8.0,1,0,2,6.11,0.058789128205573984
90.0,8.0,1,0,2,6.12,0.0586409469102597
90.0,8.0,1,0,2,6.13,0.05838054956473679
90.0,8.0,1,0,2,6.140000000000001,0.05824551752523728
90.0,8.0,1,0,2,6.15,0.05790881572258454
90.0,8.0,1,0,2,6.16,0.05787240621648707
90.0,8.0,1,0,2,6.17,0.05752488731096235
90.0,8.0,1,0,2,6.18,0.05714397451642647
90.0,8.0,1,0,2,6.19,0.05685340949739536
90.0,8.0,1,0,2,6.2,0.05677600112638737
90.0,8.0,1,0,2,6.21,0.05655367428122709
90.0,8.0,1,0,2,6.22,0.05623088012798389
90.0,8.0,1,0,2,6.23,0.056075674288594064
90.0,8.0,1,0,2,6.24,0.05591562486292938
90.0,8.0,1,0,2,6.25,0.05559434713212572
90.0,8.0,1,0,2,6.26,0.054904926168225454
90.0,8.0,1,0,2,6.2700000000000005,0.05462218477899739
90.0,8.0,1,0,2,6.28,0.053819157146804415
90.0,8.0,1,0,2,6.29,0.05353858915216066
90.0,8.0,1,0,2,6.3,0.05304737629271931
90.0,8.0,1,0,2,6.3100000000000005,0.0526788377235846
90.0,8.0,1,0,2,6.32,0.05234522845581985
90.0,8.0,1,0,2,6.33,0.05192397595028102
90.0,8.0,1,0,2,6.34,0.051683371393336876
90.0,8.0,1,0,2,6.3500000000000005,0.05135431169911789
90.0,8.0,1,0,2,6.36,0.05101030952055101
90.0,8.0,1,0,2,6.37,0.050611462651938145
90.0,8.0,1,0,2,6.38,0.050177804840916815
90.0,8.0,1,0,2,6.390000000000001,0.04989800082745325
90.0,8.0,1,0,2,6.4,0.04924036461495252
90.0,8.0,1,0,2,6.41,0.048972593633490734
90.0,8.0,1,0,2,6.42,0.048570278245742796
90.0,8.0,1,0,2,6.43,0.048138235898191446
90.0,8.0,1,0,2,6.44,0.04757518911934662
90.0,8.0,1,0,2,6.45,0.04730370459012263
90.0,8.0,1,0,2,6.46,0.04684569241125752
90.0,8.0,1,0,2,6.47,0.04653145214031961
90.0,8.0,1,0,2,6.48,0.04619013291508725
90.0,8.0,1,0,2,6.49,0.04581615508537361
90.0,8.0,1,0,2,6.5,0.045366122121904856
90.0,8.0,1,0,2,6.51,0.04471850252429757
90.0,8.0,1,0,2,6.5200000000000005,0.04428371536488048
90.0,8.0,1,0,2,6.53,0.0436103025404183
90.0,8.0,1,0,2,6.54,0.04336115107108705
90.0,8.0,1,0,2,6.55,0.043105427156321194
90.0,8.0,1,0,2,6.5600000000000005,0.04270127304356035
90.0,8.0,1,0,2,6.57,0.042201558630577694
90.0,8.0,1,0,2,6.58,0.041941828372906886
90.0,8.0,1,0,2,6.59,0.04143896174366432
90.0,8.0,1,0,2,6.6000000000000005,0.041110601830623636
90.0,8.0,1,0,2,6.61,0.040488660128643515
90.0,8.0,1,0,2,6.62,0.040242038147976326
90.0,8.0,1,0,2,6.63,0.03976758628465077
90.0,8.0,1,0,2,6.640000000000001,0.03899184866251213
90.0,8.0,1,0,2,6.65,0.038761297409202485
90.0,8.0,1,0,2,6.66,0.038692320756474226
90.0,8.0,1,0,2,6.67,0.03843013514265784
90.0,8.0,1,0,2,6.68,0.038228588655261096
90.0,8.0,1,0,2,6.69,0.03784095386369899
90.0,8.0,1,0,2,6.7,0.03762958122264076
90.0,8.0,1,0,2,6.71,0.037340095414529345
90.0,8.0,1,0,2,6.72,0.037015125944849306
90.0,8.0,1,0,2,6.73,0.03679174473101153
90.0,8.0,1,0,2,6.74,0.036636470046181986
90.0,8.0,1,0,2,6.75,0.036440643977843135
90.0,8.0,1,0,2,6.76,0.03637794212716025
90.0,8.0,1,0,2,6.7700000000000005,0.036322653570808563
90.0,8.0,1,0,2,6.78,0.03610009986269348
90.0,8.0,1,0,2,6.79,0.03578643161743986
90.0,8.0,1,0,2,6.8,0.035562032373919215
90.0,8.0,1,0,2,6.8100000000000005,0.035443735759913435
90.0,8.0,1,0,2,6.82,0.035403347131757135
90.0,8.0,1,0,2,6.83,0.03499594567371423
90.0,8.0,1,0,2,6.84,0.03496622553766237
90.0,8.0,1,0,2,6.8500000000000005,0.034820655951555785
90.0,8.0,1,0,2,6.86,0.03477902358237446
90.0,8.0,1,0,2,6.87,0.034740468098078736
90.0,8.0,1,0,2,6.88,0.03468844178283106
90.0,8.0,1,0,2,6.890000000000001,0.034555772577093136
90.0,8.0,1,0,2,6.9,0.034513475310342406
90.0,8.0,1,0,2,6.91,0.034474956044677076
90.0,8.0,1,0,2,6.92,0.03445788752505676
90.0,8.0,1,0,2,6.93,0.03437138587976667
90.0,8.0,1,0,2,6.94,0.034345601254387854
90.0,8.0,1,0,2,6.95,0.03434111114030499
90.0,8.0,1,0,2,6.96,0.03434111114030499
90.0,8.0,1,0,2,6.97,0.034158789322170126
90.0,8.0,1,0,2,6.98,0.03414592208826515
90.0,8.0,1,0,2,6.99,0.03414592208826515
90.0,8.0,1,0,2,7.0,0.03414592208826515
90.0,8.0,1,0,2,7.01,0.03403777060907467
90.0,8.0,1,0,2,7.0200000000000005,0.03402341563156424
90.0,8.0,1,0,2,7.03,0.03400852498553817
90.0,8.0,1,0,2,7.04,0.03400852498553817
90.0,8.0,1,0,2,7.05,0.03400852498553817
90.0,8.0,1,0,2,7.0600000000000005,0.03400852498553817
90.0,8.0,1,0,2,7.07,0.03400852498553817
90.0,8.0,1,0,2,7.08,0.033905023565968744
90.0,8.0,1,0,2,7.09,0.033905023565968744
90.0,8.0,1,0,2,7.1000000000000005,0.033905023565968744
90.0,8.0,1,0,2,7.11,0.033905023565968744
90.0,8.0,1,0,2,7.12,0.033905023565968744
90.0,8.0,1,0,2,7.13,0.033905023565968744
90.0,8.0,1,0,2,7.140000000000001,0.033905023565968744
90.0,8.0,1,0,2,7.15,0.033905023565968744
90.0,8.0,1,0,2,7.16,0.033905023565968744
90.0,8.0,1,0,2,7.17,0.033905023565968744
90.0,8.0,1,0,2,7.18,0.033905023565968744
90.0,8.0,1,0,2,7.19,0.033905023565968744
90.0,8.0,1,0,2,7.2,0.033905023565968744
90.0,8.0,1,0,2,7.21,0.033905023565968744
90.0,8.0,1,0,2,7.22,0.033905023565968744
90.0,8.0,1,0,2,7.23,0.033905023565968744
90.0,8.0,1,0,2,7.24,0.033905023565968744
90.0,8.0,1,0,2,7.25,0.033905023565968744
90.0,8.0,1,0,2,7.26,0.033905023565968744
90.0,8.0,1,0,2,7.27,0.033905023565968744
90.0,8.0,1,0,2,7.28,0.033905023565968744
90.0,8.0,1,0,2,7.29,0.033905023565968744
90.0,8.0,1,0,2,7.3,0.033905023565968744
90.0,8.0,1,0,2,7.31,0.033905023565968744
90.0,8.0,1,0,2,7.32,0.033905023565968744
90.0,8.0,1,0,2,7.33,0.033905023565968744
90.0,8.0,1,0,2,7.34,0.033905023565968744
90.0,8.0,1,0,2,7.35,0.033905023565968744
90.0,8.0,1,0,2,7.36,0.033905023565968744
90.0,8.0,1,0,2,7.37,0.033905023565968744
90.0,8.0,1,0,2,7.38,0.033905023565968744
90.0,8.0,1,0,2,7.390000000000001,0.033905023565968744
90.0,8.0,1,0,2,7.4,0.033905023565968744
90.0,8.0,1,0,2,7.41,0.033905023565968744
90.0,8.0,1,0,2,7.42,0.033905023565968744
90.0,8.0,1,0,2,7.43,0.033905023565968744
90.0,8.0,1,0,2,7.44,0.033905023565968744
90.0,8.0,1,0,2,7.45,0.033905023565968744
90.0,8.0,1,0,2,7.46,0.033905023565968744
90.0,8.0,1,0,2,7.47,0.033905023565968744
90.0,8.0,1,0,2,7.48,0.033905023565968744
90.0,8.0,1,0,2,7.49,0.033905023565968744
90.0,8.0,1,0,2,7.5,0.033905023565968744
90.0,8.0,1,0,2,7.51,0.033905023565968744
90.0,8.0,1,0,2,7.52,0.033905023565968744
90.0,8.0,1,0,2,7.53,0.033905023565968744
90.0,8.0,1,0,2,7.54,0.033905023565968744
90.0,8.0,1,0,2,7.55,0.033905023565968744
90.0,8.0,1,0,2,7.56,0.033905023565968744
90.0,8.0,1,0,2,7.57,0.033905023565968744
90.0,8.0,1,0,2,7.58,0.033905023565968744
90.0,8.0,1,0,2,7.59,0.033905023565968744
90.0,8.0,1,0,2,7.6,0.033905023565968744
90.0,8.0,1,0,2,7.61,0.033905023565968744
90.0,8.0,1,0,2,7.62,0.033905023565968744
90.0,8.0,1,0,2,7.63,0.033905023565968744
90.0,8.0,1,0,2,7.640000000000001,0.033905023565968744
90.0,8.0,1,0,2,7.65,0.033905023565968744
90.0,8.0,1,0,2,7.66,0.033905023565968744
90.0,8.0,1,0,2,7.67,0.033905023565968744
90.0,8.0,1,0,2,7.68,0.033905023565968744
90.0,8.0,1,0,2,7.69,0.033905023565968744
90.0,8.0,1,0,2,7.7,0.033905023565968744
90.0,8.0,1,0,2,7.71,0.033905023565968744
90.0,8.0,1,0,2,7.72,0.033905023565968744
90.0,8.0,1,0,2,7.73,0.033905023565968744
90.0,8.0,1,0,2,7.74,0.033905023565968744
90.0,8.0,1,0,2,7.75,0.033905023565968744
90.0,8.0,1,0,2,7.76,0.033905023565968744
90.0,8.0,1,0,2,7.77,0.033905023565968744
90.0,8.0,1,0,2,7.78,0.033905023565968744
90.0,8.0,1,0,2,7.79,0.033905023565968744
90.0,8.0,1,0,2,7.8,0.033905023565968744
90.0,8.0,1,0,2,7.81,0.033905023565968744
90.0,8.0,1,0,2,7.82,0.033905023565968744
90.0,8.0,1,0,2,7.83,0.033905023565968744
90.0,8.0,1,0,2,7.84,0.033905023565968744
90.0,8.0,1,0,2,7.85,0.033905023565968744
90.0,8.0,1,0,2,7.86,0.033905023565968744
90.0,8.0,1,0,2,7.87,0.033905023565968744
90.0,8.0,1,0,2,7.88,0.033905023565968744
90.0,8.0,1,0,2,7.890000000000001,0.033905023565968744
90.0,8.0,1,0,2,7.9,0.033905023565968744
90.0,8.0,1,0,2,7.91,0.033905023565968744
90.0,8.0,1,0,2,7.92,0.033905023565968744
90.0,8.0,1,0,2,7.930000000000001,0.033905023565968744
90.0,8.0,1,0,2,7.94,0.033905023565968744
90.0,8.0,1,0,2,7.95,0.033905023565968744
90.0,8.0,1,0,2,7.96,0.033905023565968744
90.0,8.0,1,0,2,7.97,0.033905023565968744
90.0,8.0,1,0,2,7.98,0.033905023565968744
90.0,8.0,1,0,2,7.99,0.033905023565968744
90.0,8.0,1,0,2,8.0,0.033905023565968744
90.0,8.0,1,0,2,8.01,0.033905023565968744
90.0,8.0,1,0,2,8.02,0.033905023565968744
90.0,8.0,1,0,2,8.03,0.033905023565968744
90.0,8.0,1,0,2,8.040000000000001,0.033905023565968744
90.0,8.0,1,0,2,8.05,0.033905023565968744
90.0,8.0,1,0,2,8.06,0.033905023565968744
90.0,8.0,1,0,2,8.07,0.033905023565968744
90.0,8.0,1,0,2,8.08,0.033905023565968744
90.0,8.0,1,0,2,8.09,0.033905023565968744
90.0,8.0,1,0,2,8.1,0.033905023565968744
90.0,8.0,1,0,2,8.11,0.033905023565968744
90.0,8.0,1,0,2,8.120000000000001,0.033905023565968744
90.0,8.0,1,0,2,8.13,0.033905023565968744
90.0,8.0,1,0,2,8.14,0.033905023565968744
90.0,8.0,1,0,2,8.15,0.033905023565968744
90.0,8.0,1,0,2,8.16,0.033905023565968744
90.0,8.0,1,0,2,8.17,0.033905023565968744
90.0,8.0,1,0,2,8.18,0.033905023565968744
90.0,8.0,1,0,2,8.19,0.033905023565968744
90.0,8.0,1,0,2,8.2,0.033905023565968744
90.0,8.0,1,0,2,8.21,0.033905023565968744
90.0,8.0,1,0,2,8.22,0.033905023565968744
90.0,8.0,1,0,2,8.23,0.033905023565968744
90.0,8.0,1,0,2,8.24,0.033905023565968744
90.0,8.0,1,0,2,8.25,0.033905023565968744
90.0,8.0,1,0,2,8.26,0.033905023565968744
90.0,8.0,1,0,2,8.27,0.033905023565968744
90.0,8.0,1,0,2,8.28,0.033905023565968744
90.0,8.0,1,0,2,8.290000000000001,0.033905023565968744
90.0,8.0,1,0,2,8.3,0.033905023565968744
90.0,8.0,1,0,2,8.31,0.033905023565968744
90.0,8.0,1,0,2,8.32,0.033905023565968744
90.0,8.0,1,0,2,8.33,0.033905023565968744
90.0,8.0,1,0,2,8.34,0.033905023565968744
90.0,8.0,1,0,2,8.35,0.033905023565968744
90.0,8.0,1,0,2,8.36,0.033905023565968744
90.0,8.0,1,0,2,8.370000000000001,0.033905023565968744
90.0,8.0,1,0,2,8.38,0.033905023565968744
90.0,8.0,1,0,2,8.39,0.033905023565968744
90.0,8.0,1,0,2,8.4,0.033905023565968744
90.0,8.0,1,0,2,8.41,0.033905023565968744
90.0,8.0,1,0,2,8.42,0.033905023565968744
90.0,8.0,1,0,2,8.43,0.033905023565968744
90.0,8.0,1,0,2,8.44,0.033905023565968744
90.0,8.0,1,0,2,8.45,0.033905023565968744
90.0,8.0,1,0,2,8.46,0.033905023565968744
90.0,8.0,1,0,2,8.47,0.033905023565968744
90.0,8.0,1,0,2,8.48,0.033905023565968744
90.0,8.0,1,0,2,8.49,0.033905023565968744
90.0,8.0,1,0,2,8.5,0.033905023565968744
90.0,8.0,1,0,2,8.51,0.033905023565968744
90.0,8.0,1,0,2,8.52,0.033905023565968744
90.0,8.0,1,0,2,8.53,0.033905023565968744
90.0,8.0,1,0,2,8.540000000000001,0.033905023565968744
90.0,8.0,1,0,2,8.55,0.033905023565968744
90.0,8.0,1,0,2,8.56,0.033905023565968744
90.0,8.0,1,0,2,8.57,0.033905023565968744
90.0,8.0,1,0,2,8.58,0.033905023565968744
90.0,8.0,1,0,2,8.59,0.033905023565968744
90.0,8.0,1,0,2,8.6,0.033905023565968744
90.0,8.0,1,0,2,8.61,0.033905023565968744
90.0,8.0,1,0,2,8.620000000000001,0.033905023565968744
90.0,8.0,1,0,2,8.63,0.033905023565968744
90.0,8.0,1,0,2,8.64,0.033905023565968744
90.0,8.0,1,0,2,8.65,0.033905023565968744
90.0,8.0,1,0,2,8.66,0.033905023565968744
90.0,8.0,1,0,2,8.67,0.033905023565968744
90.0,8.0,1,0,2,8.68,0.033905023565968744
90.0,8.0,1,0,2,8.69,0.033905023565968744
90.0,8.0,1,0,2,8.700000000000001,0.033905023565968744
90.0,8.0,1,0,2,8.71,0.033905023565968744
90.0,8.0,1,0,2,8.72,0.033905023565968744
90.0,8.0,1,0,2,8.73,0.033905023565968744
90.0,8.0,1,0,2,8.74,0.033905023565968744
90.0,8.0,1,0,2,8.75,0.033905023565968744
90.0,8.0,1,0,2,8.76,0.033905023565968744
90.0,8.0,1,0,2,8.77,0.033905023565968744
90.0,8.0,1,0,2,8.78,0.033905023565968744
90.0,8.0,1,0,2,8.790000000000001,0.033905023565968744
90.0,8.0,1,0,2,8.8,0.033905023565968744
90.0,8.0,1,0,2,8.81,0.033905023565968744
90.0,8.0,1,0,2,8.82,0.033905023565968744
90.0,8.0,1,0,2,8.83,0.033905023565968744
90.0,8.0,1,0,2,8.84,0.033905023565968744
90.0,8.0,1,0,2,8.85,0.033905023565968744
90.0,8.0,1,0,2,8.86,0.033905023565968744
90.0,8.0,1,0,2,8.870000000000001,0.033905023565968744
90.0,8.0,1,0,2,8.88,0.033905023565968744
90.0,8.0,1,0,2,8.89,0.033905023565968744
90.0,8.0,1,0,2,8.9,0.033905023565968744
90.0,8.0,1,0,2,8.91,0.033905023565968744
90.0,8.0,1,0,2,8.92,0.033905023565968744
90.0,8.0,1,0,2,8.93,0.033905023565968744
90.0,8.0,1,0,2,8.94,0.033905023565968744
90.0,8.0,1,0,2,8.950000000000001,0.033905023565968744
90.0,8.0,1,0,2,8.96,0.033905023565968744
90.0,8.0,1,0,2,8.97,0.033905023565968744
90.0,8.0,1,0,2,8.98,0.033905023565968744
90.0,8.0,1,0,2,8.99,0.033905023565968744
90.0,8.0,1,0,2,9.0,0.033905023565968744
90.0,8.0,1,0,2,9.01,0.033905023565968744
90.0,8.0,1,0,2,9.02,0.033905023565968744
90.0,8.0,1,0,2,9.03,0.033905023565968744
90.0,8.0,1,0,2,9.04,0.033905023565968744
90.0,8.0,1,0,2,9.05,0.033905023565968744
90.0,8.0,1,0,2,9.06,0.033905023565968744
90.0,8.0,1,0,2,9.07,0.033905023565968744
90.0,8.0,1,0,2,9.08,0.033905023565968744
90.0,8.0,1,0,2,9.09,0.033905023565968744
90.0,8.0,1,0,2,9.1,0.033905023565968744
90.0,8.0,1,0,2,9.11,0.033905023565968744
90.0,8.0,1,0,2,9.12,0.033905023565968744
90.0,8.0,1,0,2,9.13,0.033905023565968744
90.0,8.0,1,0,2,9.14,0.033905023565968744
90.0,8.0,1,0,2,9.15,0.033905023565968744
90.0,8.0,1,0,2,9.16,0.033905023565968744
90.0,8.0,1,0,2,9.17,0.033905023565968744
90.0,8.0,1,0,2,9.18,0.033905023565968744
90.0,8.0,1,0,2,9.19,0.033905023565968744
90.0,8.0,1,0,2,9.2,0.033905023565968744
90.0,8.0,1,0,2,9.21,0.033905023565968744
90.0,8.0,1,0,2,9.22,0.033905023565968744
90.0,8.0,1,0,2,9.23,0.033905023565968744
90.0,8.0,1,0,2,9.24,0.033905023565968744
90.0,8.0,1,0,2,9.25,0.033905023565968744
90.0,8.0,1,0,2,9.26,0.033905023565968744
90.0,8.0,1,0,2,9.27,0.033905023565968744
90.0,8.0,1,0,2,9.28,0.033905023565968744
90.0,8.0,1,0,2,9.29,0.033905023565968744
90.0,8.0,1,0,2,9.3,0.033905023565968744
90.0,8.0,1,0,2,9.31,0.033905023565968744
90.0,8.0,1,0,2,9.32,0.033905023565968744
90.0,8.0,1,0,2,9.33,0.033905023565968744
90.0,8.0,1,0,2,9.34,0.033905023565968744
90.0,8.0,1,0,2,9.35,0.033905023565968744
90.0,8.0,1,0,2,9.36,0.033905023565968744
90.0,8.0,1,0,2,9.37,0.033905023565968744
90.0,8.0,1,0,2,9.38,0.033905023565968744
90.0,8.0,1,0,2,9.39,0.033905023565968744
90.0,8.0,1,0,2,9.4,0.033905023565968744
90.0,8.0,1,0,2,9.41,0.033905023565968744
90.0,8.0,1,0,2,9.42,0.033905023565968744
90.0,8.0,1,0,2,9.43,0.033905023565968744
90.0,8.0,1,0,2,9.44,0.033905023565968744
90.0,8.0,1,0,2,9.45,0.033905023565968744
90.0,8.0,1,0,2,9.46,0.033905023565968744
90.0,8.0,1,0,2,9.47,0.033905023565968744
90.0,8.0,1,0,2,9.48,0.033905023565968744
90.0,8.0,1,0,2,9.49,0.033905023565968744
90.0,8.0,1,0,2,9.5,0.033905023565968744
90.0,8.0,1,0,2,9.51,0.033905023565968744
90.0,8.0,1,0,2,9.52,0.033905023565968744
90.0,8.0,1,0,2,9.53,0.033905023565968744
90.0,8.0,1,0,2,9.54,0.033905023565968744
90.0,8.0,1,0,2,9.55,0.033905023565968744
90.0,8.0,1,0,2,9.56,0.033905023565968744
90.0,8.0,1,0,2,9.57,0.033905023565968744
90.0,8.0,1,0,2,9.58,0.033905023565968744
90.0,8.0,1,0,2,9.59,0.033905023565968744
90.0,8.0,1,0,2,9.6,0.033905023565968744
90.0,8.0,1,0,2,9.61,0.033905023565968744
90.0,8.0,1,0,2,9.62,0.033905023565968744
90.0,8.0,1,0,2,9.63,0.033905023565968744
90.0,8.0,1,0,2,9.64,0.033905023565968744
90.0,8.0,1,0,2,9.65,0.033905023565968744
90.0,8.0,1,0,2,9.66,0.033905023565968744
90.0,8.0,1,0,2,9.67,0.033905023565968744
90.0,8.0,1,0,2,9.68,0.033905023565968744
90.0,8.0,1,0,2,9.69,0.033905023565968744
90.0,8.0,1,0,2,9.7,0.033905023565968744
90.0,8.0,1,0,2,9.71,0.033905023565968744
90.0,8.0,1,0,2,9.72,0.033905023565968744
90.0,8.0,1,0,2,9.73,0.033905023565968744
90.0,8.0,1,0,2,9.74,0.033905023565968744
90.0,8.0,1,0,2,9.75,0.033905023565968744
90.0,8.0,1,0,2,9.76,0.033905023565968744
90.0,8.0,1,0,2,9.77,0.033905023565968744
90.0,8.0,1,0,2,9.78,0.033905023565968744
90.0,8.0,1,0,2,9.79,0.033905023565968744
90.0,8.0,1,0,2,9.8,0.033905023565968744
90.0,8.0,1,0,2,9.81,0.033905023565968744
90.0,8.0,1,0,2,9.82,0.033905023565968744
90.0,8.0,1,0,2,9.83,0.033905023565968744
90.0,8.0,1,0,2,9.84,0.033905023565968744
90.0,8.0,1,0,2,9.85,0.033905023565968744
90.0,8.0,1,0,2,9.86,0.033905023565968744
90.0,8.0,1,0,2,9.87,0.033905023565968744
90.0,8.0,1,0,2,9.88,0.033905023565968744
90.0,8.0,1,0,2,9.89,0.033905023565968744
90.0,8.0,1,0,2,9.9,0.033905023565968744
90.0,8.0,1,0,2,9.91,0.033905023565968744
90.0,8.0,1,0,2,9.92,0.033905023565968744
90.0,8.0,1,0,2,9.93,0.033905023565968744
90.0,8.0,1,0,2,9.94,0.033905023565968744
90.0,8.0,1,0,2,9.95,0.033905023565968744
90.0,8.0,1,0,2,9.96,0.033905023565968744
90.0,8.0,1,0,2,9.97,0.033905023565968744
90.0,8.0,1,0,2,9.98,0.033905023565968744
90.0,8.0,1,0,2,9.99,0.033905023565968744
90.0,8.0,1,0,2,10.0,0.033905023565968744
