Sample,Baking temperature (Â°C),Baking time (hours),Resistive switching film,Bottom electrode material,Top electrode material,SET Voltage,Set_voltage_kde
Sample_2,140.0,4.0,0,0,2,0.0,0.0163019285188872
Sample_2,140.0,4.0,0,0,2,0.01,0.0168250096792686
Sample_2,140.0,4.0,0,0,2,0.02,0.0173591447627666
Sample_2,140.0,4.0,0,0,2,0.03,0.0179043395023249
Sample_2,140.0,4.0,0,0,2,0.04,0.0184605901144779
Sample_2,140.0,4.0,0,0,2,0.05,0.0190278830841127
Sample_2,140.0,4.0,0,0,2,0.06,0.0196061949605938
Sample_2,140.0,4.0,0,0,2,0.07,0.0201954921659405
Sample_2,140.0,4.0,0,0,2,0.08,0.0207957308157337
Sample_2,140.0,4.0,0,0,2,0.09,0.0214068565534126
Sample_2,140.0,4.0,0,0,2,0.1,0.0220288043986051
Sample_2,140.0,4.0,0,0,2,0.11,0.0226614986101162
Sample_2,140.0,4.0,0,0,2,0.12,0.0233048525641734
Sample_2,140.0,4.0,0,0,2,0.13,0.0239587686485083
Sample_2,140.0,4.0,0,0,2,0.14,0.0246231381728235
Sample_2,140.0,4.0,0,0,2,0.15,0.0252978412961679
Sample_2,140.0,4.0,0,0,2,0.16,0.0259827469717109
Sample_2,140.0,4.0,0,0,2,0.17,0.0266777129093759
Sample_2,140.0,4.0,0,0,2,0.18,0.0273825855567569
Sample_2,140.0,4.0,0,0,2,0.19,0.0280972000987086
Sample_2,140.0,4.0,0,0,2,0.2,0.0288213804759588
Sample_2,140.0,4.0,0,0,2,0.21,0.0295549394230568
Sample_2,140.0,4.0,0,0,2,0.22,0.0302976785259274
Sample_2,140.0,4.0,0,0,2,0.23,0.031049388299259
Sample_2,140.0,4.0,0,0,2,0.24,0.0318098482839103
Sample_2,140.0,4.0,0,0,2,0.25,0.0325788271644766
Sample_2,140.0,4.0,0,0,2,0.26,0.0333560829071071
Sample_2,140.0,4.0,0,0,2,0.27,0.0341413629176237
Sample_2,140.0,4.0,0,0,2,0.28,0.0349344042199386
Sample_2,140.0,4.0,0,0,2,0.29,0.0357349336547233
Sample_2,140.0,4.0,0,0,2,0.3,0.0365426680982309
Sample_2,140.0,4.0,0,0,2,0.31,0.0373573147011274
Sample_2,140.0,4.0,0,0,2,0.32,0.0381785711471348
Sample_2,140.0,4.0,0,0,2,0.33,0.0390061259312428
Sample_2,140.0,4.0,0,0,2,0.34,0.0398396586571952
Sample_2,140.0,4.0,0,0,2,0.35,0.0406788403539087
Sample_2,140.0,4.0,0,0,2,0.36,0.0415233338104348
Sample_2,140.0,4.0,0,0,2,0.37,0.042372793929025
Sample_2,140.0,4.0,0,0,2,0.38,0.0432268680958154
Sample_2,140.0,4.0,0,0,2,0.39,0.0440851965686004
Sample_2,140.0,4.0,0,0,2,0.4,0.0449474128811184
Sample_2,140.0,4.0,0,0,2,0.41,0.0458131442632315
Sample_2,140.0,4.0,0,0,2,0.42,0.0466820120763365
Sample_2,140.0,4.0,0,0,2,0.43,0.0475536322633064
Sample_2,140.0,4.0,0,0,2,0.44,0.0484276158122199
Sample_2,140.0,4.0,0,0,2,0.45,0.0493035692331008
Sample_2,140.0,4.0,0,0,2,0.46,0.0501810950468546
Sample_2,140.0,4.0,0,0,2,0.47,0.0510597922855537
Sample_2,140.0,4.0,0,0,2,0.48,0.0519392570031935
Sample_2,140.0,4.0,0,0,2,0.49,0.0528190827960139
Sample_2,140.0,4.0,0,0,2,0.5,0.0536988613314506
Sample_2,140.0,4.0,0,0,2,0.51,0.0545781828847606
Sample_2,140.0,4.0,0,0,2,0.52,0.0554566368823409
Sample_2,140.0,4.0,0,0,2,0.53,0.0563338124507447
Sample_2,140.0,4.0,0,0,2,0.54,0.057209298970379
Sample_2,140.0,4.0,0,0,2,0.55,0.0580826866328558
Sample_2,140.0,4.0,0,0,2,0.56,0.0589535670009593
Sample_2,140.0,4.0,0,0,2,0.5700000000000001,0.0598215335701808
Sample_2,140.0,4.0,0,0,2,0.58,0.0606861823307687
Sample_2,140.0,4.0,0,0,2,0.59,0.0615471123292396
Sample_2,140.0,4.0,0,0,2,0.6,0.0624039262282951
Sample_2,140.0,4.0,0,0,2,0.61,0.0632562308640905
Sample_2,140.0,4.0,0,0,2,0.62,0.0641036377998119
Sample_2,140.0,4.0,0,0,2,0.63,0.06494576387452
Sample_2,140.0,4.0,0,0,2,0.64,0.0657822317462361
Sample_2,140.0,4.0,0,0,2,0.65,0.0666126704282532
Sample_2,140.0,4.0,0,0,2,0.66,0.0674367158176766
Sample_2,140.0,4.0,0,0,2,0.67,0.0682540112152125
Sample_2,140.0,4.0,0,0,2,0.68,0.0690642078352462
Sample_2,140.0,4.0,0,0,2,0.6900000000000001,0.0698669653052731
Sample_2,140.0,4.0,0,0,2,0.7000000000000001,0.0706619521537715
Sample_2,140.0,4.0,0,0,2,0.71,0.0714488462856339
Sample_2,140.0,4.0,0,0,2,0.72,0.0722273354442991
Sample_2,140.0,4.0,0,0,2,0.73,0.0729971176597644
Sample_2,140.0,4.0,0,0,2,0.74,0.0737579016816828
Sample_2,140.0,4.0,0,0,2,0.75,0.0745094073967892
Sample_2,140.0,4.0,0,0,2,0.76,0.0752513662299322
Sample_2,140.0,4.0,0,0,2,0.77,0.0759835215280261
Sample_2,140.0,4.0,0,0,2,0.78,0.076705628926275
Sample_2,140.0,4.0,0,0,2,0.79,0.0774174566960598
Sample_2,140.0,4.0,0,0,2,0.8,0.0781187860739185
Sample_2,140.0,4.0,0,0,2,0.81,0.0788094115710908
Sample_2,140.0,4.0,0,0,2,0.8200000000000001,0.0794891412631374
Sample_2,140.0,4.0,0,0,2,0.8300000000000001,0.0801577970591895
Sample_2,140.0,4.0,0,0,2,0.84,0.080815214950421
Sample_2,140.0,4.0,0,0,2,0.85,0.0814612452373805
Sample_2,140.0,4.0,0,0,2,0.86,0.0820957527358618
Sample_2,140.0,4.0,0,0,2,0.87,0.082718616961032
Sample_2,140.0,4.0,0,0,2,0.88,0.0833297322895805
Sample_2,140.0,4.0,0,0,2,0.89,0.0839290080996891
Sample_2,140.0,4.0,0,0,2,0.9,0.0845163688886692
Sample_2,140.0,4.0,0,0,2,0.91,0.0850917543681487
Sample_2,140.0,4.0,0,0,2,0.92,0.0856551195367309
Sample_2,140.0,4.0,0,0,2,0.93,0.0862064347300917
Sample_2,140.0,4.0,0,0,2,0.94,0.086745685648509
Sample_2,140.0,4.0,0,0,2,0.95,0.0872728733618698
Sample_2,140.0,4.0,0,0,2,0.96,0.087788014292222
Sample_2,140.0,4.0,0,0,2,0.97,0.0882911401739854
Sample_2,140.0,4.0,0,0,2,0.98,0.088782297991963
Sample_2,140.0,4.0,0,0,2,0.99,0.0892615498973311
Sample_2,140.0,4.0,0,0,2,1.0,0.0897289731018175
Sample_2,140.0,4.0,0,0,2,1.01,0.0901846597503077
Sample_2,140.0,4.0,0,0,2,1.02,0.0906287167721514
Sample_2,140.0,4.0,0,0,2,1.03,0.0910612657114672
Sample_2,140.0,4.0,0,0,2,1.04,0.0914824425367755
Sample_2,140.0,4.0,0,0,2,1.05,0.0918923974303118
Sample_2,140.0,4.0,0,0,2,1.06,0.0922912945574026
Sample_2,140.0,4.0,0,0,2,1.07,0.0926793118163071
Sample_2,140.0,4.0,0,0,2,1.08,0.0930566405689563
Sample_2,140.0,4.0,0,0,2,1.09,0.093423485353038
Sample_2,140.0,4.0,0,0,2,1.1,0.0937800635759041
Sample_2,140.0,4.0,0,0,2,1.11,0.0941266051907925
Sample_2,140.0,4.0,0,0,2,1.12,0.0944633523558799
Sample_2,140.0,4.0,0,0,2,1.13,0.0947905590767004
Sample_2,140.0,4.0,0,0,2,1.14,0.0951084908324809
Sample_2,140.0,4.0,0,0,2,1.15,0.0954174241869666
Sample_2,140.0,4.0,0,0,2,1.16,0.0957176463843247
Sample_2,140.0,4.0,0,0,2,1.17,0.0960094549307322
Sample_2,140.0,4.0,0,0,2,1.18,0.0962931571622705
Sample_2,140.0,4.0,0,0,2,1.19,0.0965690697997651
Sample_2,140.0,4.0,0,0,2,1.2,0.0968375184912249
Sample_2,140.0,4.0,0,0,2,1.21,0.0970988373425515
Sample_2,140.0,4.0,0,0,2,1.22,0.097353368437202
Sample_2,140.0,4.0,0,0,2,1.23,0.097601461345508
Sample_2,140.0,4.0,0,0,2,1.24,0.0978434726243611
Sample_2,140.0,4.0,0,0,2,1.25,0.0980797653079993
Sample_2,140.0,4.0,0,0,2,1.26,0.0983107083906332
Sample_2,140.0,4.0,0,0,2,1.27,0.0985366763016723
Sample_2,140.0,4.0,0,0,2,1.28,0.0987580483743227
Sample_2,140.0,4.0,0,0,2,1.29,0.0989752083083407
Sample_2,140.0,4.0,0,0,2,1.3,0.0991885436277426
Sample_2,140.0,4.0,0,0,2,1.31,0.0993984451342825
Sample_2,140.0,4.0,0,0,2,1.32,0.0996053063575255
Sample_2,140.0,4.0,0,0,2,1.33,0.0998095230023524
Sample_2,140.0,4.0,0,0,2,1.34,0.1000114923947495
Sample_2,140.0,4.0,0,0,2,1.35,0.1002116129267468
Sample_2,140.0,4.0,0,0,2,1.36,0.1004102835013776
Sample_2,140.0,4.0,0,0,2,1.37,0.1006079029785491
Sample_2,140.0,4.0,0,0,2,1.38,0.1008048696227181
Sample_2,140.0,4.0,0,0,2,1.39,0.1010015805532789
Sample_2,140.0,4.0,0,0,2,1.4,0.1011984311985809
Sample_2,140.0,4.0,0,0,2,1.41,0.101395814754495
Sample_2,140.0,4.0,0,0,2,1.42,0.1015941216484641
Sample_2,140.0,4.0,0,0,2,1.43,0.1017937390099692
Sample_2,140.0,4.0,0,0,2,1.44,0.1019950501483534
Sample_2,140.0,4.0,0,0,2,1.45,0.102198434038947
Sample_2,140.0,4.0,0,0,2,1.46,0.1024042648184367
Sample_2,140.0,4.0,0,0,2,1.47,0.1026129112904237
Sample_2,140.0,4.0,0,0,2,1.48,0.1028247364421114
Sample_2,140.0,4.0,0,0,2,1.49,0.1030400969730613
Sample_2,140.0,4.0,0,0,2,1.5,0.1032593428369439
Sample_2,140.0,4.0,0,0,2,1.51,0.1034828167972121
Sample_2,140.0,4.0,0,0,2,1.52,0.1037108539976021
Sample_2,140.0,4.0,0,0,2,1.53,0.103943781548361
Sample_2,140.0,4.0,0,0,2,1.54,0.1041819181290824
Sample_2,140.0,4.0,0,0,2,1.55,0.1044255736090093
Sample_2,140.0,4.0,0,0,2,1.56,0.1046750486856434
Sample_2,140.0,4.0,0,0,2,1.57,0.1049306345424773
Sample_2,140.0,4.0,0,0,2,1.58,0.1051926125266327
Sample_2,140.0,4.0,0,0,2,1.59,0.1054612538471614
Sample_2,140.0,4.0,0,0,2,1.6,0.1057368192947293
Sample_2,140.0,4.0,0,0,2,1.61,0.1060195589833661
Sample_2,140.0,4.0,0,0,2,1.62,0.1063097121149239
Sample_2,140.0,4.0,0,0,2,1.63,0.1066075067668426
Sample_2,140.0,4.0,0,0,2,1.64,0.1069131597037731
Sample_2,140.0,4.0,0,0,2,1.65,0.1072268762135598
Sample_2,140.0,4.0,0,0,2,1.66,0.1075488499680304
Sample_2,140.0,4.0,0,0,2,1.67,0.1078792629089818
Sample_2,140.0,4.0,0,0,2,1.68,0.1082182851596955
Sample_2,140.0,4.0,0,0,2,1.69,0.1085660749622502
Sample_2,140.0,4.0,0,0,2,1.7,0.1089227786408353
Sample_2,140.0,4.0,0,0,2,1.71,0.1092885305912019
Sample_2,140.0,4.0,0,0,2,1.72,0.1096634532963158
Sample_2,140.0,4.0,0,0,2,1.73,0.1100476573682056
Sample_2,140.0,4.0,0,0,2,1.74,0.1104412416159263
Sample_2,140.0,4.0,0,0,2,1.75,0.1108442931394773
Sample_2,140.0,4.0,0,0,2,1.76,0.111256887449443
Sample_2,140.0,4.0,0,0,2,1.77,0.1116790886120368
Sample_2,140.0,4.0,0,0,2,1.78,0.1121109494191576
Sample_2,140.0,4.0,0,0,2,1.79,0.1125525115829789
Sample_2,140.0,4.0,0,0,2,1.8,0.1130038059545153
Sample_2,140.0,4.0,0,0,2,1.81,0.1134648527655265
Sample_2,140.0,4.0,0,0,2,1.82,0.1139356618930387
Sample_2,140.0,4.0,0,0,2,1.83,0.1144162331456822
Sample_2,140.0,4.0,0,0,2,1.84,0.1149065565709649
Sample_2,140.0,4.0,0,0,2,1.85,0.1154066127825236
Sample_2,140.0,4.0,0,0,2,1.86,0.1159163733063156
Sample_2,140.0,4.0,0,0,2,1.87,0.1164358009446422
Sample_2,140.0,4.0,0,0,2,1.88,0.1169648501568209
Sample_2,140.0,4.0,0,0,2,1.89,0.1175034674552561
Sample_2,140.0,4.0,0,0,2,1.9,0.1180515918155884
Sample_2,140.0,4.0,0,0,2,1.91,0.1186091550995434
Sample_2,140.0,4.0,0,0,2,1.92,0.1191760824890424
Sample_2,140.0,4.0,0,0,2,1.93,0.1197522929300789
Sample_2,140.0,4.0,0,0,2,1.94,0.1203376995848212
Sample_2,140.0,4.0,0,0,2,1.95,0.1209322102903506
Sample_2,140.0,4.0,0,0,2,1.96,0.1215357280224101
Sample_2,140.0,4.0,0,0,2,1.97,0.1221481513625016
Sample_2,140.0,4.0,0,0,2,1.98,0.1227693749666424
Sample_2,140.0,4.0,0,0,2,1.99,0.1233992900340716
Sample_2,140.0,4.0,0,0,2,2.0,0.1240377847741759
Sample_2,140.0,4.0,0,0,2,2.01,0.1246847448699054
Sample_2,140.0,4.0,0,0,2,2.02,0.1253400539359339
Sample_2,140.0,4.0,0,0,2,2.03,0.1260035939698369
Sample_2,140.0,4.0,0,0,2,2.04,0.1266752457945621
Sample_2,140.0,4.0,0,0,2,2.05,0.1273548894904891
Sample_2,140.0,4.0,0,0,2,2.06,0.128042404815403
Sample_2,140.0,4.0,0,0,2,2.07,0.1287376716107362
Sample_2,140.0,4.0,0,0,2,2.08,0.1294405701924757
Sample_2,140.0,4.0,0,0,2,2.09,0.1301509817251783
Sample_2,140.0,4.0,0,0,2,2.1,0.1308687885775916
Sample_2,140.0,4.0,0,0,2,2.11,0.1315938746584431
Sample_2,140.0,4.0,0,0,2,2.12,0.1323261257310207
Sample_2,140.0,4.0,0,0,2,2.13,0.1330654297052506
Sample_2,140.0,4.0,0,0,2,2.14,0.1338116769060569
Sample_2,140.0,4.0,0,0,2,2.15,0.1345647603168702
Sample_2,140.0,4.0,0,0,2,2.16,0.1353245757972559
Sample_2,140.0,4.0,0,0,2,2.17,0.1360910222737213
Sample_2,140.0,4.0,0,0,2,2.18,0.1368640019028718
Sample_2,140.0,4.0,0,0,2,2.19,0.1376434202061915
Sample_2,140.0,4.0,0,0,2,2.2,0.1384291861758405
Sample_2,140.0,4.0,0,0,2,2.21,0.1392212123509736
Sample_2,140.0,4.0,0,0,2,2.22,0.1400194148642101
Sample_2,140.0,4.0,0,0,2,2.23,0.1408237134580066
Sample_2,140.0,4.0,0,0,2,2.24,0.1416340314708113
Sample_2,140.0,4.0,0,0,2,2.25,0.142450295793005
Sample_2,140.0,4.0,0,0,2,2.26,0.1432724367927663
Sample_2,140.0,4.0,0,0,2,2.27,0.1441003882121252
Sample_2,140.0,4.0,0,0,2,2.28,0.1449340870336073
Sample_2,140.0,4.0,0,0,2,2.29,0.1457734733179884
Sample_2,140.0,4.0,0,0,2,2.3000000000000003,0.146618490013825
Sample_2,140.0,4.0,0,0,2,2.31,0.1474690827395385
Sample_2,140.0,4.0,0,0,2,2.32,0.1483251995389694
Sample_2,140.0,4.0,0,0,2,2.33,0.1491867906114325
Sample_2,140.0,4.0,0,0,2,2.34,0.1500538080174259
Sample_2,140.0,4.0,0,0,2,2.35,0.1509262053612674
Sample_2,140.0,4.0,0,0,2,2.36,0.1518039374520371
Sample_2,140.0,4.0,0,0,2,2.37,0.1526869599443119
Sample_2,140.0,4.0,0,0,2,2.38,0.1535752289602853
Sample_2,140.0,4.0,0,0,2,2.39,0.154468700694953
Sample_2,140.0,4.0,0,0,2,2.4,0.1553673310061369
Sample_2,140.0,4.0,0,0,2,2.41,0.1562710749912007
Sample_2,140.0,4.0,0,0,2,2.42,0.1571798865523867
Sample_2,140.0,4.0,0,0,2,2.43,0.1580937179527637
Sample_2,140.0,4.0,0,0,2,2.44,0.1590125193648408
Sample_2,140.0,4.0,0,0,2,2.45,0.1599362384139465
Sample_2,140.0,4.0,0,0,2,2.46,0.1608648197185132
Sample_2,140.0,4.0,0,0,2,2.47,0.1617982044294437
Sample_2,140.0,4.0,0,0,2,2.48,0.1627363297707495
Sample_2,140.0,4.0,0,0,2,2.49,0.1636791285836728
Sample_2,140.0,4.0,0,0,2,2.5,0.1646265288765006
Sample_2,140.0,4.0,0,0,2,2.51,0.1655784533822736
Sample_2,140.0,4.0,0,0,2,2.52,0.1665348191265809
Sample_2,140.0,4.0,0,0,2,2.53,0.1674955370075982
Sample_2,140.0,4.0,0,0,2,2.54,0.1684605113904948
Sample_2,140.0,4.0,0,0,2,2.5500000000000003,0.1694296397182935
Sample_2,140.0,4.0,0,0,2,2.56,0.1704028121412014
Sample_2,140.0,4.0,0,0,2,2.57,0.1713799111663792
Sample_2,140.0,4.0,0,0,2,2.58,0.1723608113300333
Sample_2,140.0,4.0,0,0,2,2.59,0.1733453788936345
Sample_2,140.0,4.0,0,0,2,2.6,0.1743334715659848
Sample_2,140.0,4.0,0,0,2,2.61,0.1753249382527429
Sample_2,140.0,4.0,0,0,2,2.62,0.1763196188349249
Sample_2,140.0,4.0,0,0,2,2.63,0.1773173439777746
Sample_2,140.0,4.0,0,0,2,2.64,0.1783179349712846
Sample_2,140.0,4.0,0,0,2,2.65,0.1793212036035177
Sample_2,140.0,4.0,0,0,2,2.66,0.1803269520677524
Sample_2,140.0,4.0,0,0,2,2.67,0.1813349729043321
Sample_2,140.0,4.0,0,0,2,2.68,0.1823450489779645
Sample_2,140.0,4.0,0,0,2,2.69,0.1833569534910665
Sample_2,140.0,4.0,0,0,2,2.7,0.1843704500336035
Sample_2,140.0,4.0,0,0,2,2.71,0.1853852926697188
Sample_2,140.0,4.0,0,0,2,2.72,0.1864012260613075
Sample_2,140.0,4.0,0,0,2,2.73,0.1874179856285096
Sample_2,140.0,4.0,0,0,2,2.74,0.1884352977469769
Sample_2,140.0,4.0,0,0,2,2.75,0.18945287998158
Sample_2,140.0,4.0,0,0,2,2.76,0.1904704413560938
Sample_2,140.0,4.0,0,0,2,2.77,0.1914876826582333
Sample_2,140.0,4.0,0,0,2,2.78,0.1925042967792651
Sample_2,140.0,4.0,0,0,2,2.79,0.1935199690872772
Sample_2,140.0,4.0,0,0,2,2.8000000000000003,0.1945343778330368
Sample_2,140.0,4.0,0,0,2,2.81,0.1955471945872397
Sample_2,140.0,4.0,0,0,2,2.82,0.1965580847078044
Sample_2,140.0,4.0,0,0,2,2.83,0.1975667078357503
Sample_2,140.0,4.0,0,0,2,2.84,0.198572718418064
Sample_2,140.0,4.0,0,0,2,2.85,0.1995757662558471
Sample_2,140.0,4.0,0,0,2,2.86,0.2005754970759286
Sample_2,140.0,4.0,0,0,2,2.87,0.2015715531240196
Sample_2,140.0,4.0,0,0,2,2.88,0.2025635737773965
Sample_2,140.0,4.0,0,0,2,2.89,0.203551196175012
Sample_2,140.0,4.0,0,0,2,2.9,0.2045340558628519
Sample_2,140.0,4.0,0,0,2,2.91,0.2055117874522964
Sample_2,140.0,4.0,0,0,2,2.92,0.2064840252891715
Sample_2,140.0,4.0,0,0,2,2.93,0.2074504041311397
Sample_2,140.0,4.0,0,0,2,2.94,0.2084105598310309
Sample_2,140.0,4.0,0,0,2,2.95,0.2093641300236833
Sample_2,140.0,4.0,0,0,2,2.96,0.2103107548138537
Sample_2,140.0,4.0,0,0,2,2.97,0.2112500774627284
Sample_2,140.0,4.0,0,0,2,2.98,0.212181745070586
Sample_2,140.0,4.0,0,0,2,2.99,0.2131054092531525
Sample_2,140.0,4.0,0,0,2,3.0,0.2140207268092267
Sample_2,140.0,4.0,0,0,2,3.01,0.2149273603771669
Sample_2,140.0,4.0,0,0,2,3.02,0.2158249790778801
Sample_2,140.0,4.0,0,0,2,3.03,0.2167132591419933
Sample_2,140.0,4.0,0,0,2,3.04,0.2175918845189539
Sample_2,140.0,4.0,0,0,2,3.0500000000000003,0.2184605474658588
Sample_2,140.0,4.0,0,0,2,3.06,0.2193189491138951
Sample_2,140.0,4.0,0,0,2,3.0700000000000003,0.2201668000103578
Sample_2,140.0,4.0,0,0,2,3.08,0.2210038206342894
Sample_2,140.0,4.0,0,0,2,3.09,0.2218297418838956
Sample_2,140.0,4.0,0,0,2,3.1,0.2226443055339888
Sample_2,140.0,4.0,0,0,2,3.11,0.2234472646618162
Sample_2,140.0,4.0,0,0,2,3.12,0.2242383840397577
Sample_2,140.0,4.0,0,0,2,3.13,0.2250174404934896
Sample_2,140.0,4.0,0,0,2,3.14,0.225784223224333
Sample_2,140.0,4.0,0,0,2,3.15,0.2265385340946537
Sample_2,140.0,4.0,0,0,2,3.16,0.2272801878752862
Sample_2,140.0,4.0,0,0,2,3.17,0.2280090124541197
Sample_2,140.0,4.0,0,0,2,3.18,0.2287248490050982
Sample_2,140.0,4.0,0,0,2,3.19,0.2294275521170459
Sample_2,140.0,4.0,0,0,2,3.2,0.2301169898818592
Sample_2,140.0,4.0,0,0,2,3.21,0.2307930439417539
Sample_2,140.0,4.0,0,0,2,3.22,0.2314556094954023
Sample_2,140.0,4.0,0,0,2,3.23,0.2321045952629256
Sample_2,140.0,4.0,0,0,2,3.24,0.2327399234098636
Sample_2,140.0,4.0,0,0,2,3.25,0.2333615294303706
Sample_2,140.0,4.0,0,0,2,3.26,0.2339693619900308
Sample_2,140.0,4.0,0,0,2,3.27,0.2345633827288186
Sample_2,140.0,4.0,0,0,2,3.28,0.2351435660248628
Sample_2,140.0,4.0,0,0,2,3.29,0.2357098987197985
Sample_2,140.0,4.0,0,0,2,3.3000000000000003,0.2362623798066213
Sample_2,140.0,4.0,0,0,2,3.31,0.2368010200810695
Sample_2,140.0,4.0,0,0,2,3.3200000000000003,0.2373258417576826
Sample_2,140.0,4.0,0,0,2,3.33,0.2378368780517922
Sample_2,140.0,4.0,0,0,2,3.34,0.2383341727288003
Sample_2,140.0,4.0,0,0,2,3.35,0.238817779622209
Sample_2,140.0,4.0,0,0,2,3.36,0.2392877621219486
Sample_2,140.0,4.0,0,0,2,3.37,0.2397441926346421
Sample_2,140.0,4.0,0,0,2,3.38,0.2401871520175246
Sample_2,140.0,4.0,0,0,2,3.39,0.2406167289878034
Sample_2,140.0,4.0,0,0,2,3.4,0.2410330195093217
Sample_2,140.0,4.0,0,0,2,3.41,0.241436126158434
Sample_2,140.0,4.0,0,0,2,3.42,0.2418261574710685
Sample_2,140.0,4.0,0,0,2,3.43,0.2422032272729861
Sample_2,140.0,4.0,0,0,2,3.44,0.2425674539952864
Sample_2,140.0,4.0,0,0,2,3.45,0.2429189599772505
Sample_2,140.0,4.0,0,0,2,3.46,0.2432578707586208
Sample_2,140.0,4.0,0,0,2,3.47,0.2435843143634499
Sample_2,140.0,4.0,0,0,2,3.48,0.2438984205776476
Sample_2,140.0,4.0,0,0,2,3.49,0.2442003202223732
Sample_2,140.0,4.0,0,0,2,3.5,0.2444901444254019
Sample_2,140.0,4.0,0,0,2,3.51,0.2447680238926044
Sample_2,140.0,4.0,0,0,2,3.52,0.2450340881816399
Sample_2,140.0,4.0,0,0,2,3.53,0.2452884649799669
Sample_2,140.0,4.0,0,0,2,3.54,0.2455312793892298
Sample_2,140.0,4.0,0,0,2,3.5500000000000003,0.245762653218052
Sample_2,140.0,4.0,0,0,2,3.56,0.24598270428524
Sample_2,140.0,4.0,0,0,2,3.5700000000000003,0.2461915457353373
Sample_2,140.0,4.0,0,0,2,3.58,0.2463892853684476
Sample_2,140.0,4.0,0,0,2,3.59,0.2465760249861635
Sample_2,140.0,4.0,0,0,2,3.6,0.2467518597554118
Sample_2,140.0,4.0,0,0,2,3.61,0.2469168775919436
Sample_2,140.0,4.0,0,0,2,3.62,0.247071158565139
Sample_2,140.0,4.0,0,0,2,3.63,0.247214774325741
Sample_2,140.0,4.0,0,0,2,3.64,0.247347787558044
Sample_2,140.0,4.0,0,0,2,3.65,0.2474702514580056
Sample_2,140.0,4.0,0,0,2,3.66,0.2475822092386622
Sample_2,140.0,4.0,0,0,2,3.67,0.2476836936641634
Sample_2,140.0,4.0,0,0,2,3.68,0.2477747266136493
Sample_2,140.0,4.0,0,0,2,3.69,0.2478553186761238
Sample_2,140.0,4.0,0,0,2,3.7,0.2479254687773799
Sample_2,140.0,4.0,0,0,2,3.71,0.2479851638399715
Sample_2,140.0,4.0,0,0,2,3.72,0.2480343784771151
Sample_2,140.0,4.0,0,0,2,3.73,0.2480730747213431
Sample_2,140.0,4.0,0,0,2,3.74,0.2481012017886249
Sample_2,140.0,4.0,0,0,2,3.75,0.2481186958786
Sample_2,140.0,4.0,0,0,2,3.76,0.248125480011474
Sample_2,140.0,4.0,0,0,2,3.77,0.2481214639020421
Sample_2,140.0,4.0,0,0,2,3.78,0.2481065438712234
Sample_2,140.0,4.0,0,0,2,3.79,0.2480806027953926
Sample_2,140.0,4.0,0,0,2,3.8,0.2480435100937346
Sample_2,140.0,4.0,0,0,2,3.81,0.2479951217537232
Sample_2,140.0,4.0,0,0,2,3.82,0.2479352803947904
Sample_2,140.0,4.0,0,0,2,3.83,0.2478638153701285
Sample_2,140.0,4.0,0,0,2,3.84,0.2477805429065077
Sample_2,140.0,4.0,0,0,2,3.85,0.2476852662819137
Sample_2,140.0,4.0,0,0,2,3.86,0.2475777760407097
Sample_2,140.0,4.0,0,0,2,3.87,0.2474578502459778
Sample_2,140.0,4.0,0,0,2,3.88,0.2473252547685973
Sample_2,140.0,4.0,0,0,2,3.89,0.247179743612551
Sample_2,140.0,4.0,0,0,2,3.9,0.2470210592758749
Sample_2,140.0,4.0,0,0,2,3.91,0.2468489331466012
Sample_2,140.0,4.0,0,0,2,3.92,0.2466630859329671
Sample_2,140.0,4.0,0,0,2,3.93,0.2464632281270915
Sample_2,140.0,4.0,0,0,2,3.94,0.2462490605012696
Sample_2,140.0,4.0,0,0,2,3.95,0.2460202746359521
Sample_2,140.0,4.0,0,0,2,3.96,0.2457765534784288
Sample_2,140.0,4.0,0,0,2,3.97,0.2455175719311607
Sample_2,140.0,4.0,0,0,2,3.98,0.2452429974686587
Sample_2,140.0,4.0,0,0,2,3.99,0.2449524907817427
Sample_2,140.0,4.0,0,0,2,4.0,0.2446457064479577
Sample_2,140.0,4.0,0,0,2,4.01,0.2443222936268763
Sample_2,140.0,4.0,0,0,2,4.0200000000000005,0.2439818967789623
Sample_2,140.0,4.0,0,0,2,4.03,0.2436241564066191
Sample_2,140.0,4.0,0,0,2,4.04,0.2432487098160065
Sample_2,140.0,4.0,0,0,2,4.05,0.2428551918981541
Sample_2,140.0,4.0,0,0,2,4.0600000000000005,0.2424432359278666
Sample_2,140.0,4.0,0,0,2,4.07,0.2420124743788768
Sample_2,140.0,4.0,0,0,2,4.08,0.2415625397536483
Sample_2,140.0,4.0,0,0,2,4.09,0.2410930654262189
Sample_2,140.0,4.0,0,0,2,4.1,0.2406036864964251
Sample_2,140.0,4.0,0,0,2,4.11,0.2400940406538197
Sample_2,140.0,4.0,0,0,2,4.12,0.2395637690495806
Sample_2,140.0,4.0,0,0,2,4.13,0.2390125171746606
Sample_2,140.0,4.0,0,0,2,4.14,0.238439935742434
Sample_2,140.0,4.0,0,0,2,4.15,0.2378456815740486
Sample_2,140.0,4.0,0,0,2,4.16,0.2372294184847028
Sample_2,140.0,4.0,0,0,2,4.17,0.2365908181690278
Sample_2,140.0,4.0,0,0,2,4.18,0.2359295610837683
Sample_2,140.0,4.0,0,0,2,4.19,0.2352453373259356
Sample_2,140.0,4.0,0,0,2,4.2,0.2345378475046052
Sample_2,140.0,4.0,0,0,2,4.21,0.23380680360453
Sample_2,140.0,4.0,0,0,2,4.22,0.2330519298397559
Sample_2,140.0,4.0,0,0,2,4.23,0.2322729634954109
Sample_2,140.0,4.0,0,0,2,4.24,0.2314696557558742
Sample_2,140.0,4.0,0,0,2,4.25,0.2306417725175249
Sample_2,140.0,4.0,0,0,2,4.26,0.229789095184302
Sample_2,140.0,4.0,0,0,2,4.2700000000000005,0.2289114214443237
Sample_2,140.0,4.0,0,0,2,4.28,0.2280085660258393
Sample_2,140.0,4.0,0,0,2,4.29,0.2270803614308123
Sample_2,140.0,4.0,0,0,2,4.3,0.2261266586444799
Sample_2,140.0,4.0,0,0,2,4.3100000000000005,0.2251473278192535
Sample_2,140.0,4.0,0,0,2,4.32,0.2241422589313747
Sample_2,140.0,4.0,0,0,2,4.33,0.2231113624087871
Sample_2,140.0,4.0,0,0,2,4.34,0.2220545697287268
Sample_2,140.0,4.0,0,0,2,4.3500000000000005,0.2209718339835902
Sample_2,140.0,4.0,0,0,2,4.36,0.219863130413695
Sample_2,140.0,4.0,0,0,2,4.37,0.2187284569055972
Sample_2,140.0,4.0,0,0,2,4.38,0.2175678344547124
Sample_2,140.0,4.0,0,0,2,4.39,0.216381307591026
Sample_2,140.0,4.0,0,0,2,4.4,0.2151689447667807
Sample_2,140.0,4.0,0,0,2,4.41,0.2139308387050667
Sample_2,140.0,4.0,0,0,2,4.42,0.2126671067083463
Sample_2,140.0,4.0,0,0,2,4.43,0.2113778909260013
Sample_2,140.0,4.0,0,0,2,4.44,0.2100633585800868
Sample_2,140.0,4.0,0,0,2,4.45,0.2087237021485505
Sample_2,140.0,4.0,0,0,2,4.46,0.2073591395052715
Sample_2,140.0,4.0,0,0,2,4.47,0.2059699140163504
Sample_2,140.0,4.0,0,0,2,4.48,0.2045562945921824
Sample_2,140.0,4.0,0,0,2,4.49,0.2031185756949331
Sample_2,140.0,4.0,0,0,2,4.5,0.2016570773011378
Sample_2,140.0,4.0,0,0,2,4.51,0.2001721448192223
Sample_2,140.0,4.0,0,0,2,4.5200000000000005,0.198664148961868
Sample_2,140.0,4.0,0,0,2,4.53,0.1971334855732124
Sample_2,140.0,4.0,0,0,2,4.54,0.1955805754109998
Sample_2,140.0,4.0,0,0,2,4.55,0.1940058638838701
Sample_2,140.0,4.0,0,0,2,4.5600000000000005,0.1924098207441012
Sample_2,140.0,4.0,0,0,2,4.57,0.1907929397361882
Sample_2,140.0,4.0,0,0,2,4.58,0.1891557382017651
Sample_2,140.0,4.0,0,0,2,4.59,0.1874987566414572
Sample_2,140.0,4.0,0,0,2,4.6000000000000005,0.185822558234356
Sample_2,140.0,4.0,0,0,2,4.61,0.184127728315898
Sample_2,140.0,4.0,0,0,2,4.62,0.1824148738150258
Sample_2,140.0,4.0,0,0,2,4.63,0.1806846226515993
Sample_2,140.0,4.0,0,0,2,4.64,0.1789376230951137
Sample_2,140.0,4.0,0,0,2,4.65,0.1771745430858727
Sample_2,140.0,4.0,0,0,2,4.66,0.1753960695198382
Sample_2,140.0,4.0,0,0,2,4.67,0.1736029074984748
Sample_2,140.0,4.0,0,0,2,4.68,0.171795779544969
Sample_2,140.0,4.0,0,0,2,4.69,0.1699754247882955
Sample_2,140.0,4.0,0,0,2,4.7,0.1681425981166572
Sample_2,140.0,4.0,0,0,2,4.71,0.1662980693019043
Sample_2,140.0,4.0,0,0,2,4.72,0.1644426220965994
Sample_2,140.0,4.0,0,0,2,4.73,0.1625770533054513
Sample_2,140.0,4.0,0,0,2,4.74,0.1607021718329016
Sample_2,140.0,4.0,0,0,2,4.75,0.1588187977086891
Sample_2,140.0,4.0,0,0,2,4.76,0.1569277610932761
Sample_2,140.0,4.0,0,0,2,4.7700000000000005,0.1550299012650497
Sample_2,140.0,4.0,0,0,2,4.78,0.1531260655912597
Sample_2,140.0,4.0,0,0,2,4.79,0.1512171084846671
Sample_2,140.0,4.0,0,0,2,4.8,0.149303890347933
Sample_2,140.0,4.0,0,0,2,4.8100000000000005,0.1473872765077686
Sample_2,140.0,4.0,0,0,2,4.82,0.1454681361409039
Sample_2,140.0,4.0,0,0,2,4.83,0.1435473411939346
Sample_2,140.0,4.0,0,0,2,4.84,0.1416257652991168
Sample_2,140.0,4.0,0,0,2,4.8500000000000005,0.1397042826881754
Sample_2,140.0,4.0,0,0,2,4.86,0.1377837671061952
Sample_2,140.0,4.0,0,0,2,4.87,0.135865090727643
Sample_2,140.0,4.0,0,0,2,4.88,0.133949123076569
Sample_2,140.0,4.0,0,0,2,4.89,0.1320367299530009
Sample_2,140.0,4.0,0,0,2,4.9,0.1301287723675345
Sample_2,140.0,4.0,0,0,2,4.91,0.1282261054860835
Sample_2,140.0,4.0,0,0,2,4.92,0.1263295775867241
Sample_2,140.0,4.0,0,0,2,4.93,0.1244400290305307
Sample_2,140.0,4.0,0,0,2,4.94,0.1225582912482566
Sample_2,140.0,4.0,0,0,2,4.95,0.1206851857446628
Sample_2,140.0,4.0,0,0,2,4.96,0.1188215231222539
Sample_2,140.0,4.0,0,0,2,4.97,0.1169681021261174
Sample_2,140.0,4.0,0,0,2,4.98,0.1151257087115154
Sample_2,140.0,4.0,0,0,2,4.99,0.113295115135799
Sample_2,140.0,4.0,0,0,2,5.0,0.111477079076169
Sample_2,140.0,4.0,0,0,2,5.01,0.1096723427747253
Sample_2,140.0,4.0,0,0,2,5.0200000000000005,0.1078816322121794
Sample_2,140.0,4.0,0,0,2,5.03,0.1061056563115354
Sample_2,140.0,4.0,0,0,2,5.04,0.1043451061729597
Sample_2,140.0,4.0,0,0,2,5.05,0.1026006543409923
Sample_2,140.0,4.0,0,0,2,5.0600000000000005,0.1008729541051624
Sample_2,140.0,4.0,0,0,2,5.07,0.0991626388349959
Sample_2,140.0,4.0,0,0,2,5.08,0.0974703213503141
Sample_2,140.0,4.0,0,0,2,5.09,0.0957965933276463
Sample_2,140.0,4.0,0,0,2,5.1000000000000005,0.0941420247434822
Sample_2,140.0,4.0,0,0,2,5.11,0.0925071633550167
Sample_2,140.0,4.0,0,0,2,5.12,0.0908925342189427
Sample_2,140.0,4.0,0,0,2,5.13,0.0892986392487681
Sample_2,140.0,4.0,0,0,2,5.14,0.0877259568110429
Sample_2,140.0,4.0,0,0,2,5.15,0.0861749413607989
Sample_2,140.0,4.0,0,0,2,5.16,0.084646023116416
Sample_2,140.0,4.0,0,0,2,5.17,0.0831396077740453
Sample_2,140.0,4.0,0,0,2,5.18,0.0816560762616377
Sample_2,140.0,4.0,0,0,2,5.19,0.08019578453254
Sample_2,140.0,4.0,0,0,2,5.2,0.0787590633985425
Sample_2,140.0,4.0,0,0,2,5.21,0.0773462184021784
Sample_2,140.0,4.0,0,0,2,5.22,0.0759575297280037
Sample_2,140.0,4.0,0,0,2,5.23,0.0745932521525022
Sample_2,140.0,4.0,0,0,2,5.24,0.0732536150321938
Sample_2,140.0,4.0,0,0,2,5.25,0.0719388223294464
Sample_2,140.0,4.0,0,0,2,5.26,0.0706490526754274
Sample_2,140.0,4.0,0,0,2,5.2700000000000005,0.0693844594695598
Sample_2,140.0,4.0,0,0,2,5.28,0.0681451710147891
Sample_2,140.0,4.0,0,0,2,5.29,0.0669312906878985
Sample_2,140.0,4.0,0,0,2,5.3,0.06574289714406
Sample_2,140.0,4.0,0,0,2,5.3100000000000005,0.0645800445547479
Sample_2,140.0,4.0,0,0,2,5.32,0.063442762878091
Sample_2,140.0,4.0,0,0,2,5.33,0.0623310581606899
Sample_2,140.0,4.0,0,0,2,5.34,0.0612449128698833
Sample_2,140.0,4.0,0,0,2,5.3500000000000005,0.0601842862553986
Sample_2,140.0,4.0,0,0,2,5.36,0.0591491147392909
Sample_2,140.0,4.0,0,0,2,5.37,0.0581393123330293
Sample_2,140.0,4.0,0,0,2,5.38,0.0571547710805675
Sample_2,140.0,4.0,0,0,2,5.39,0.0561953615261981
Sample_2,140.0,4.0,0,0,2,5.4,0.0552609332059681
Sample_2,140.0,4.0,0,0,2,5.41,0.0543513151614132
Sample_2,140.0,4.0,0,0,2,5.42,0.0534663164743429
Sample_2,140.0,4.0,0,0,2,5.43,0.0526057268214019
Sample_2,140.0,4.0,0,0,2,5.44,0.051769317047114
Sample_2,140.0,4.0,0,0,2,5.45,0.0509568397541087
Sample_2,140.0,4.0,0,0,2,5.46,0.0501680299092257
Sample_2,140.0,4.0,0,0,2,5.47,0.0494026054641891
Sample_2,140.0,4.0,0,0,2,5.48,0.0486602679895437
Sample_2,140.0,4.0,0,0,2,5.49,0.0479407033205504
Sample_2,140.0,4.0,0,0,2,5.5,0.0472435822137419
Sample_2,140.0,4.0,0,0,2,5.51,0.0465685610128539
Sample_2,140.0,4.0,0,0,2,5.5200000000000005,0.0459152823228534
Sample_2,140.0,4.0,0,0,2,5.53,0.0452833756908055
Sample_2,140.0,4.0,0,0,2,5.54,0.044672458292334
Sample_2,140.0,4.0,0,0,2,5.55,0.0440821356224529
Sample_2,140.0,4.0,0,0,2,5.5600000000000005,0.0435120021895671
Sample_2,140.0,4.0,0,0,2,5.57,0.0429616422114649
Sample_2,140.0,4.0,0,0,2,5.58,0.0424306303121506
Sample_2,140.0,4.0,0,0,2,5.59,0.0419185322183959
Sample_2,140.0,4.0,0,0,2,5.6000000000000005,0.041424905454915
Sample_2,140.0,4.0,0,0,2,5.61,0.0409493000371039
Sample_2,140.0,4.0,0,0,2,5.62,0.0404912591603149
Sample_2,140.0,4.0,0,0,2,5.63,0.0400503198846733
Sample_2,140.0,4.0,0,0,2,5.64,0.0396260138144779
Sample_2,140.0,4.0,0,0,2,5.65,0.0392178677712651
Sample_2,140.0,4.0,0,0,2,5.66,0.0388254044596539
Sample_2,140.0,4.0,0,0,2,5.67,0.0384481431251264
Sample_2,140.0,4.0,0,0,2,5.68,0.0380856002029414
Sample_2,140.0,4.0,0,0,2,5.69,0.0377372899574146
Sample_2,140.0,4.0,0,0,2,5.7,0.0374027251108421
Sample_2,140.0,4.0,0,0,2,5.71,0.0370814174613842
Sample_2,140.0,4.0,0,0,2,5.72,0.0367728784892668
Sample_2,140.0,4.0,0,0,2,5.73,0.0364766199506994
Sample_2,140.0,4.0,0,0,2,5.74,0.0361921544589503
Sample_2,140.0,4.0,0,0,2,5.75,0.0359189960520584
Sample_2,140.0,4.0,0,0,2,5.76,0.0356566607467038
Sample_2,140.0,4.0,0,0,2,5.7700000000000005,0.0354046670777986
Sample_2,140.0,4.0,0,0,2,5.78,0.035162536623399
Sample_2,140.0,4.0,0,0,2,5.79,0.0349297945145783
Sample_2,140.0,4.0,0,0,2,5.8,0.0347059699299407
Sample_2,140.0,4.0,0,0,2,5.8100000000000005,0.0344905965744908
Sample_2,140.0,4.0,0,0,2,5.82,0.0342832131426125
Sample_2,140.0,4.0,0,0,2,5.83,0.0340833637649461
Sample_2,140.0,4.0,0,0,2,5.84,0.0338905984389861
Sample_2,140.0,4.0,0,0,2,5.8500000000000005,0.0337044734432595
Sample_2,140.0,4.0,0,0,2,5.86,0.0335245517349706
Sample_2,140.0,4.0,0,0,2,5.87,0.0333504033310376
Sample_2,140.0,4.0,0,0,2,5.88,0.0331816056724693
Sample_2,140.0,4.0,0,0,2,5.89,0.0330177439720636
Sample_2,140.0,4.0,0,0,2,5.9,0.0328584115454357
Sample_2,140.0,4.0,0,0,2,5.91,0.032703210125409
Sample_2,140.0,4.0,0,0,2,5.92,0.0325517501598286
Sample_2,140.0,4.0,0,0,2,5.93,0.0324036510928788
Sample_2,140.0,4.0,0,0,2,5.94,0.0322585416300103
Sample_2,140.0,4.0,0,0,2,5.95,0.0321160599866002
Sample_2,140.0,4.0,0,0,2,5.96,0.0319758541204909
Sample_2,140.0,4.0,0,0,2,5.97,0.0318375819485701
Sample_2,140.0,4.0,0,0,2,5.98,0.0317009115475683
Sample_2,140.0,4.0,0,0,2,5.99,0.0315655213392719
Sample_2,140.0,4.0,0,0,2,6.0,0.0314311002603552
Sample_2,140.0,4.0,0,0,2,6.01,0.0312973479170553
Sample_2,140.0,4.0,0,0,2,6.0200000000000005,0.0311639747249192
Sample_2,140.0,4.0,0,0,2,6.03,0.0310307020338659
Sample_2,140.0,4.0,0,0,2,6.04,0.0308972622388136
Sample_2,140.0,4.0,0,0,2,6.05,0.0307633988761301
Sample_2,140.0,4.0,0,0,2,6.0600000000000005,0.0306288667061715
Sample_2,140.0,4.0,0,0,2,6.07,0.0304934317821793
Sample_2,140.0,4.0,0,0,2,6.08,0.0303568715058109
Sample_2,140.0,4.0,0,0,2,6.09,0.030218974669582
Sample_2,140.0,4.0,0,0,2,6.1000000000000005,0.0300795414865018
Sample_2,140.0,4.0,0,0,2,6.11,0.0299383836071846
Sample_2,140.0,4.0,0,0,2,6.12,0.0297953241247221
Sample_2,140.0,4.0,0,0,2,6.13,0.0296501975676
Sample_2,140.0,4.0,0,0,2,6.140000000000001,0.0295028498809449
Sample_2,140.0,4.0,0,0,2,6.15,0.0293531383963843
Sample_2,140.0,4.0,0,0,2,6.16,0.0292009317908021
Sample_2,140.0,4.0,0,0,2,6.17,0.0290461100342701
Sample_2,140.0,4.0,0,0,2,6.18,0.0288885643274343
Sample_2,140.0,4.0,0,0,2,6.19,0.028728197028632
Sample_2,140.0,4.0,0,0,2,6.2,0.0285649215710125
Sample_2,140.0,4.0,0,0,2,6.21,0.0283986623699305
Sample_2,140.0,4.0,0,0,2,6.22,0.0282293547208822
Sample_2,140.0,4.0,0,0,2,6.23,0.0280569446882437
Sample_2,140.0,4.0,0,0,2,6.24,0.0278813889850757
Sample_2,140.0,4.0,0,0,2,6.25,0.0277026548442481
Sample_2,140.0,4.0,0,0,2,6.26,0.0275207198811406
Sample_2,140.0,4.0,0,0,2,6.2700000000000005,0.0273355719481676
Sample_2,140.0,4.0,0,0,2,6.28,0.027147208981376
Sample_2,140.0,4.0,0,0,2,6.29,0.026955638839357
Sample_2,140.0,4.0,0,0,2,6.3,0.0267608791347167
Sample_2,140.0,4.0,0,0,2,6.3100000000000005,0.0265629570583397
Sample_2,140.0,4.0,0,0,2,6.32,0.0263619091966837
Sample_2,140.0,4.0,0,0,2,6.33,0.0261577813423385
Sample_2,140.0,4.0,0,0,2,6.34,0.0259506282980782
Sample_2,140.0,4.0,0,0,2,6.3500000000000005,0.0257405136746398
Sample_2,140.0,4.0,0,0,2,6.36,0.0255275096824524
Sample_2,140.0,4.0,0,0,2,6.37,0.0253116969175465
Sample_2,140.0,4.0,0,0,2,6.38,0.0250931641418675
Sample_2,140.0,4.0,0,0,2,6.390000000000001,0.0248720080582194
Sample_2,140.0,4.0,0,0,2,6.4,0.0246483330800628
Sample_2,140.0,4.0,0,0,2,6.41,0.0244222510963917
Sample_2,140.0,4.0,0,0,2,6.42,0.0241938812319146
Sample_2,140.0,4.0,0,0,2,6.43,0.0239633496027635
Sample_2,140.0,4.0,0,0,2,6.44,0.0237307890679582
Sample_2,140.0,4.0,0,0,2,6.45,0.0234963389768504
Sample_2,140.0,4.0,0,0,2,6.46,0.0232601449127772
Sample_2,140.0,4.0,0,0,2,6.47,0.0230223584331513
Sample_2,140.0,4.0,0,0,2,6.48,0.0227831368062182
Sample_2,140.0,4.0,0,0,2,6.49,0.0225426427447128
Sample_2,140.0,4.0,0,0,2,6.5,0.0223010441366478
Sample_2,140.0,4.0,0,0,2,6.51,0.0220585137734692
Sample_2,140.0,4.0,0,0,2,6.5200000000000005,0.0218152290758156
Sample_2,140.0,4.0,0,0,2,6.53,0.0215713718171205
Sample_2,140.0,4.0,0,0,2,6.54,0.0213271278452955
Sample_2,140.0,4.0,0,0,2,6.55,0.0210826868027406
Sample_2,140.0,4.0,0,0,2,6.5600000000000005,0.0208382418449209
Sample_2,140.0,4.0,0,0,2,6.57,0.0205939893577588
Sample_2,140.0,4.0,0,0,2,6.58,0.0203501286740867
Sample_2,140.0,4.0,0,0,2,6.59,0.0201068617894098
Sample_2,140.0,4.0,0,0,2,6.6000000000000005,0.0198643930772278
Sample_2,140.0,4.0,0,0,2,6.61,0.0196229290041675
Sample_2,140.0,4.0,0,0,2,6.62,0.0193826778451775
Sample_2,140.0,4.0,0,0,2,6.63,0.0191438493990379
Sample_2,140.0,4.0,0,0,2,6.640000000000001,0.0189066547044371
Sample_2,140.0,4.0,0,0,2,6.65,0.0186713057568714
Sample_2,140.0,4.0,0,0,2,6.66,0.0184380152266177
Sample_2,140.0,4.0,0,0,2,6.67,0.0182069961780345
Sample_2,140.0,4.0,0,0,2,6.68,0.0179784617904426
Sample_2,140.0,4.0,0,0,2,6.69,0.0177526250808378
Sample_2,140.0,4.0,0,0,2,6.7,0.0175296986286846
Sample_2,140.0,4.0,0,0,2,6.71,0.0173098943030416
Sample_2,140.0,4.0,0,0,2,6.72,0.0170934229922644
Sample_2,140.0,4.0,0,0,2,6.73,0.0168804943365305
Sample_2,140.0,4.0,0,0,2,6.74,0.0166713164634307
Sample_2,140.0,4.0,0,0,2,6.75,0.016466095726864
Sample_2,140.0,4.0,0,0,2,6.76,0.0162650364494748
Sample_2,140.0,4.0,0,0,2,6.7700000000000005,0.0160683406688638
Sample_2,140.0,4.0,0,0,2,6.78,0.0158762078878039
Sample_2,140.0,4.0,0,0,2,6.79,0.0156888348286843
Sample_2,140.0,4.0,0,0,2,6.8,0.0155064151924056
Sample_2,140.0,4.0,0,0,2,6.8100000000000005,0.0153291394219417
Sample_2,140.0,4.0,0,0,2,6.82,0.0151571944707803
Sample_2,140.0,4.0,0,0,2,6.83,0.014990763576447
Sample_2,140.0,4.0,0,0,2,6.84,0.014830026039317
Sample_2,140.0,4.0,0,0,2,6.8500000000000005,0.0146751570069062
Sample_2,140.0,4.0,0,0,2,6.86,0.0145263272638335
Sample_2,140.0,4.0,0,0,2,6.87,0.0143837030276368
Sample_2,140.0,4.0,0,0,2,6.88,0.0142474457506194
Sample_2,140.0,4.0,0,0,2,6.890000000000001,0.0141177119278977
Sample_2,140.0,4.0,0,0,2,6.9,0.0139946529118137
Sample_2,140.0,4.0,0,0,2,6.91,0.013878414732869
Sample_2,140.0,4.0,0,0,2,6.92,0.0137691379273308
Sample_2,140.0,4.0,0,0,2,6.93,0.0136669573716515
Sample_2,140.0,4.0,0,0,2,6.94,0.0135720021238383
Sample_2,140.0,4.0,0,0,2,6.95,0.0134843952718997
Sample_2,140.0,4.0,0,0,2,6.96,0.0134042537894903
Sample_2,140.0,4.0,0,0,2,6.97,0.0133316883988661
Sample_2,140.0,4.0,0,0,2,6.98,0.013266803441255
Sample_2,140.0,4.0,0,0,2,6.99,0.0132096967547402
Sample_2,140.0,4.0,0,0,2,7.0,0.0131604595597458
Sample_2,140.0,4.0,0,0,2,7.01,0.0131191763522058
Sample_2,140.0,4.0,0,0,2,7.0200000000000005,0.0130859248044891
Sample_2,140.0,4.0,0,0,2,7.03,0.0130607756741476
Sample_2,140.0,4.0,0,0,2,7.04,0.0130437927205423
Sample_2,140.0,4.0,0,0,2,7.05,0.0130350326293985
Sample_2,140.0,4.0,0,0,2,7.0600000000000005,0.0130345449453285
Sample_2,140.0,4.0,0,0,2,7.07,0.0130423720123572
Sample_2,140.0,4.0,0,0,2,7.08,0.0130585489224718
Sample_2,140.0,4.0,0,0,2,7.09,0.0130831034722143
Sample_2,140.0,4.0,0,0,2,7.1000000000000005,0.0131160561273223
Sample_2,140.0,4.0,0,0,2,7.11,0.0131574199954184
Sample_2,140.0,4.0,0,0,2,7.12,0.0132072008067392
Sample_2,140.0,4.0,0,0,2,7.13,0.0132653969028854
Sample_2,140.0,4.0,0,0,2,7.140000000000001,0.0133319992335685
Sample_2,140.0,4.0,0,0,2,7.15,0.0134069913613178
Sample_2,140.0,4.0,0,0,2,7.16,0.0134903494741069
Sample_2,140.0,4.0,0,0,2,7.17,0.0135820424058466
Sample_2,140.0,4.0,0,0,2,7.18,0.0136820316646858
Sample_2,140.0,4.0,0,0,2,7.19,0.0137902714690508
Sample_2,140.0,4.0,0,0,2,7.2,0.0139067087913475
Sample_2,140.0,4.0,0,0,2,7.21,0.0140312834092402
Sample_2,140.0,4.0,0,0,2,7.22,0.0141639279644145
Sample_2,140.0,4.0,0,0,2,7.23,0.0143045680287204
Sample_2,140.0,4.0,0,0,2,7.24,0.0144531221775872
Sample_2,140.0,4.0,0,0,2,7.25,0.0146095020705894
Sample_2,140.0,4.0,0,0,2,7.26,0.0147736125390379
Sample_2,140.0,4.0,0,0,2,7.27,0.0149453516804597
Sample_2,140.0,4.0,0,0,2,7.28,0.0151246109598234
Sample_2,140.0,4.0,0,0,2,7.29,0.0153112753173579
Sample_2,140.0,4.0,0,0,2,7.3,0.0155052232828057
Sample_2,140.0,4.0,0,0,2,7.31,0.0157063270959415
Sample_2,140.0,4.0,0,0,2,7.32,0.015914452833182
Sample_2,140.0,4.0,0,0,2,7.33,0.0161294605401037
Sample_2,140.0,4.0,0,0,2,7.34,0.0163512043696769
Sample_2,140.0,4.0,0,0,2,7.35,0.0165795327260205
Sample_2,140.0,4.0,0,0,2,7.36,0.016814288413471
Sample_2,140.0,4.0,0,0,2,7.37,0.0170553087907547
Sample_2,140.0,4.0,0,0,2,7.38,0.017302425930046
Sample_2,140.0,4.0,0,0,2,7.390000000000001,0.0175554667806858
Sample_2,140.0,4.0,0,0,2,7.4,0.0178142533373317
Sample_2,140.0,4.0,0,0,2,7.41,0.0180786028123023
Sample_2,140.0,4.0,0,0,2,7.42,0.0183483278118764
Sample_2,140.0,4.0,0,0,2,7.43,0.0186232365162992
Sample_2,140.0,4.0,0,0,2,7.44,0.0189031328632466
Sample_2,140.0,4.0,0,0,2,7.45,0.0191878167344922
Sample_2,140.0,4.0,0,0,2,7.46,0.0194770841455192
Sample_2,140.0,4.0,0,0,2,7.47,0.0197707274378151
Sample_2,140.0,4.0,0,0,2,7.48,0.0200685354735869
Sample_2,140.0,4.0,0,0,2,7.49,0.0203702938326284
Sample_2,140.0,4.0,0,0,2,7.5,0.0206757850110738
Sample_2,140.0,4.0,0,0,2,7.51,0.0209847886217675
Sample_2,140.0,4.0,0,0,2,7.52,0.0212970815959813
Sample_2,140.0,4.0,0,0,2,7.53,0.0216124383862091
Sample_2,140.0,4.0,0,0,2,7.54,0.0219306311697707
Sample_2,140.0,4.0,0,0,2,7.55,0.0222514300529578
Sample_2,140.0,4.0,0,0,2,7.56,0.022574603275455
Sample_2,140.0,4.0,0,0,2,7.57,0.022899917414774
Sample_2,140.0,4.0,0,0,2,7.58,0.0232271375904402
Sample_2,140.0,4.0,0,0,2,7.59,0.0235560276676754
Sample_2,140.0,4.0,0,0,2,7.6,0.0238863504603241
Sample_2,140.0,4.0,0,0,2,7.61,0.0242178679327761
Sample_2,140.0,4.0,0,0,2,7.62,0.0245503414006444
Sample_2,140.0,4.0,0,0,2,7.63,0.0248835317299615
Sample_2,140.0,4.0,0,0,2,7.640000000000001,0.0252171995346651
Sample_2,140.0,4.0,0,0,2,7.65,0.0255511053721523
Sample_2,140.0,4.0,0,0,2,7.66,0.0258850099366875
Sample_2,140.0,4.0,0,0,2,7.67,0.0262186742504578
Sample_2,140.0,4.0,0,0,2,7.68,0.0265518598520792
Sample_2,140.0,4.0,0,0,2,7.69,0.026884328982366
Sample_2,140.0,4.0,0,0,2,7.7,0.0272158447671844
Sample_2,140.0,4.0,0,0,2,7.71,0.0275461713972232
Sample_2,140.0,4.0,0,0,2,7.72,0.0278750743045229
Sample_2,140.0,4.0,0,0,2,7.73,0.0282023203356165
Sample_2,140.0,4.0,0,0,2,7.74,0.0285276779211466
Sample_2,140.0,4.0,0,0,2,7.75,0.0288509172418337
Sample_2,140.0,4.0,0,0,2,7.76,0.0291718103906829
Sample_2,140.0,4.0,0,0,2,7.77,0.0294901315313269
Sample_2,140.0,4.0,0,0,2,7.78,0.0298056570524166
Sample_2,140.0,4.0,0,0,2,7.79,0.0301181657179808
Sample_2,140.0,4.0,0,0,2,7.8,0.0304274388136892
Sample_2,140.0,4.0,0,0,2,7.81,0.0307332602889645
Sample_2,140.0,4.0,0,0,2,7.82,0.0310354168949014
Sample_2,140.0,4.0,0,0,2,7.83,0.0313336983179609
Sample_2,140.0,4.0,0,0,2,7.84,0.0316278973094217
Sample_2,140.0,4.0,0,0,2,7.85,0.031917809810579
Sample_2,140.0,4.0,0,0,2,7.86,0.032203235073695
Sample_2,140.0,4.0,0,0,2,7.87,0.0324839757787128
Sample_2,140.0,4.0,0,0,2,7.88,0.0327598381457575
Sample_2,140.0,4.0,0,0,2,7.890000000000001,0.0330306320434587
Sample_2,140.0,4.0,0,0,2,7.9,0.0332961710931351
Sample_2,140.0,4.0,0,0,2,7.91,0.0335562727688941
Sample_2,140.0,4.0,0,0,2,7.92,0.0338107584937047
Sample_2,140.0,4.0,0,0,2,7.930000000000001,0.0340594537315112
Sample_2,140.0,4.0,0,0,2,7.94,0.0343021880754624
Sample_2,140.0,4.0,0,0,2,7.95,0.0345387953323358
Sample_2,140.0,4.0,0,0,2,7.96,0.0347691136032443
Sample_2,140.0,4.0,0,0,2,7.97,0.0349929853607152
Sample_2,140.0,4.0,0,0,2,7.98,0.0352102575222387
Sample_2,140.0,4.0,0,0,2,7.99,0.0354207815203834
Sample_2,140.0,4.0,0,0,2,8.0,0.0356244133695817
Sample_2,140.0,4.0,0,0,2,8.01,0.0358210137296884
Sample_2,140.0,4.0,0,0,2,8.02,0.0360104479664185
Sample_2,140.0,4.0,0,0,2,8.03,0.0361925862087679
Sample_2,140.0,4.0,0,0,2,8.040000000000001,0.0363673034035245
Sample_2,140.0,4.0,0,0,2,8.05,0.0365344793669723
Sample_2,140.0,4.0,0,0,2,8.06,0.0366939988338917
Sample_2,140.0,4.0,0,0,2,8.07,0.0368457515039552
Sample_2,140.0,4.0,0,0,2,8.08,0.0369896320856158
Sample_2,140.0,4.0,0,0,2,8.09,0.0371255403375798
Sample_2,140.0,4.0,0,0,2,8.1,0.0372533811079521
Sample_2,140.0,4.0,0,0,2,8.11,0.0373730643711373
Sample_2,140.0,4.0,0,0,2,8.120000000000001,0.0374845052625722
Sample_2,140.0,4.0,0,0,2,8.13,0.0375876241113608
Sample_2,140.0,4.0,0,0,2,8.14,0.0376823464708738
Sample_2,140.0,4.0,0,0,2,8.15,0.0377686031473707
Sample_2,140.0,4.0,0,0,2,8.16,0.0378463302266886
Sample_2,140.0,4.0,0,0,2,8.17,0.0379154690990412
Sample_2,140.0,4.0,0,0,2,8.18,0.0379759664819561
Sample_2,140.0,4.0,0,0,2,8.19,0.0380277744413727
Sample_2,140.0,4.0,0,0,2,8.2,0.0380708504109155
Sample_2,140.0,4.0,0,0,2,8.21,0.0381051572093429
Sample_2,140.0,4.0,0,0,2,8.22,0.0381306630561688
Sample_2,140.0,4.0,0,0,2,8.23,0.0381473415854394
Sample_2,140.0,4.0,0,0,2,8.24,0.038155171857642
Sample_2,140.0,4.0,0,0,2,8.25,0.0381541383697098
Sample_2,140.0,4.0,0,0,2,8.26,0.0381442310630811
Sample_2,140.0,4.0,0,0,2,8.27,0.0381254453297592
Sample_2,140.0,4.0,0,0,2,8.28,0.0380977820163126
Sample_2,140.0,4.0,0,0,2,8.290000000000001,0.038061247425745
Sample_2,140.0,4.0,0,0,2,8.3,0.0380158533171585
Sample_2,140.0,4.0,0,0,2,8.31,0.0379616169031238
Sample_2,140.0,4.0,0,0,2,8.32,0.0378985608446654
Sample_2,140.0,4.0,0,0,2,8.33,0.0378267132437621
Sample_2,140.0,4.0,0,0,2,8.34,0.0377461076332596
Sample_2,140.0,4.0,0,0,2,8.35,0.0376567829640821
Sample_2,140.0,4.0,0,0,2,8.36,0.0375587835896305
Sample_2,140.0,4.0,0,0,2,8.370000000000001,0.0374521592472462
Sample_2,140.0,4.0,0,0,2,8.38,0.03733696503662
Sample_2,140.0,4.0,0,0,2,8.39,0.0372132613950203
Sample_2,140.0,4.0,0,0,2,8.4,0.0370811140692153
Sample_2,140.0,4.0,0,0,2,8.41,0.0369405940839624
Sample_2,140.0,4.0,0,0,2,8.42,0.0367917777069381
Sample_2,140.0,4.0,0,0,2,8.43,0.0366347464099827
Sample_2,140.0,4.0,0,0,2,8.44,0.0364695868265369
Sample_2,140.0,4.0,0,0,2,8.45,0.036296390705149
Sample_2,140.0,4.0,0,0,2,8.46,0.036115254858937
Sample_2,140.0,4.0,0,0,2,8.47,0.035926281110892
Sample_2,140.0,4.0,0,0,2,8.48,0.0357295762349177
Sample_2,140.0,4.0,0,0,2,8.49,0.0355252518925059
Sample_2,140.0,4.0,0,0,2,8.5,0.0353134245649546
Sample_2,140.0,4.0,0,0,2,8.51,0.0350942154810456
Sample_2,140.0,4.0,0,0,2,8.52,0.0348677505401061
Sample_2,140.0,4.0,0,0,2,8.53,0.034634160230388
Sample_2,140.0,4.0,0,0,2,8.540000000000001,0.0343935795427119
Sample_2,140.0,4.0,0,0,2,8.55,0.0341461478793314
Sample_2,140.0,4.0,0,0,2,8.56,0.0338920089579869
Sample_2,140.0,4.0,0,0,2,8.57,0.0336313107111304
Sample_2,140.0,4.0,0,0,2,8.58,0.033364205180316
Sample_2,140.0,4.0,0,0,2,8.59,0.0330908484057656
Sample_2,140.0,4.0,0,0,2,8.6,0.0328114003111313
Sample_2,140.0,4.0,0,0,2,8.61,0.0325260245834937
Sample_2,140.0,4.0,0,0,2,8.620000000000001,0.0322348885486481
Sample_2,140.0,4.0,0,0,2,8.63,0.0319381630417471
Sample_2,140.0,4.0,0,0,2,8.64,0.0316360222733836
Sample_2,140.0,4.0,0,0,2,8.65,0.0313286436912134
Sample_2,140.0,4.0,0,0,2,8.66,0.0310162078372336
Sample_2,140.0,4.0,0,0,2,8.67,0.0306988982008474
Sample_2,140.0,4.0,0,0,2,8.68,0.0303769010678636
Sample_2,140.0,4.0,0,0,2,8.69,0.0300504053655924
Sample_2,140.0,4.0,0,0,2,8.700000000000001,0.0297196025042173
Sample_2,140.0,4.0,0,0,2,8.71,0.0293846862146364
Sample_2,140.0,4.0,0,0,2,8.72,0.0290458523829808
Sample_2,140.0,4.0,0,0,2,8.73,0.028703298882036
Sample_2,140.0,4.0,0,0,2,8.74,0.0283572253997996
Sample_2,140.0,4.0,0,0,2,8.75,0.0280078332654305
Sample_2,140.0,4.0,0,0,2,8.76,0.0276553252728491
Sample_2,140.0,4.0,0,0,2,8.77,0.0272999055022677
Sample_2,140.0,4.0,0,0,2,8.78,0.0269417791399371
Sample_2,140.0,4.0,0,0,2,8.790000000000001,0.0265811522964065
Sample_2,140.0,4.0,0,0,2,8.8,0.026218231823608
Sample_2,140.0,4.0,0,0,2,8.81,0.0258532251310785
Sample_2,140.0,4.0,0,0,2,8.82,0.0254863400016484
Sample_2,140.0,4.0,0,0,2,8.83,0.0251177844069256
Sample_2,140.0,4.0,0,0,2,8.84,0.0247477663229164
Sample_2,140.0,4.0,0,0,2,8.85,0.0243764935461238
Sample_2,140.0,4.0,0,0,2,8.86,0.0240041735104725
Sample_2,140.0,4.0,0,0,2,8.870000000000001,0.0236310131054101
Sample_2,140.0,4.0,0,0,2,8.88,0.0232572184955362
Sample_2,140.0,4.0,0,0,2,8.89,0.0228829949421111
Sample_2,140.0,4.0,0,0,2,8.9,0.0225085466267985
Sample_2,140.0,4.0,0,0,2,8.91,0.0221340764779885
Sample_2,140.0,4.0,0,0,2,8.92,0.0217597860000512
Sample_2,140.0,4.0,0,0,2,8.93,0.0213858751058622
Sample_2,140.0,4.0,0,0,2,8.94,0.0210125419529385
Sample_2,140.0,4.0,0,0,2,8.950000000000001,0.020639982783515
Sample_2,140.0,4.0,0,0,2,8.96,0.0202683917688875
Sample_2,140.0,4.0,0,0,2,8.97,0.0198979608583342
Sample_2,140.0,4.0,0,0,2,8.98,0.0195288796329242
Sample_2,140.0,4.0,0,0,2,8.99,0.0191613351645048
Sample_2,140.0,4.0,0,0,2,9.0,0.0187955118801527
Sample_2,140.0,4.0,0,0,2,9.01,0.0184315914323566
Sample_2,140.0,4.0,0,0,2,9.02,0.0180697525751883
Sample_2,140.0,4.0,0,0,2,9.03,0.0177101710467041
Sample_2,140.0,4.0,0,0,2,9.04,0.0173530194578013
Sample_2,140.0,4.0,0,0,2,9.05,0.0169984671877392
Sample_2,140.0,4.0,0,0,2,9.06,0.016646680286518
Sample_2,140.0,4.0,0,0,2,9.07,0.0162978213842882
Sample_2,140.0,4.0,0,0,2,9.08,0.0159520496079484
Sample_2,140.0,4.0,0,0,2,9.09,0.0156095205050672
Sample_2,140.0,4.0,0,0,2,9.1,0.0152703859752471
Sample_2,140.0,4.0,0,0,2,9.11,0.0149347942090279
Sample_2,140.0,4.0,0,0,2,9.12,0.0146028896344065
Sample_2,140.0,4.0,0,0,2,9.13,0.0142748128710306
Sample_2,140.0,4.0,0,0,2,9.14,0.0139507006920994
Sample_2,140.0,4.0,0,0,2,9.15,0.013630685993989
Sample_2,140.0,4.0,0,0,2,9.16,0.0133148977735931
Sample_2,140.0,4.0,0,0,2,9.17,0.013003461113353
Sample_2,140.0,4.0,0,0,2,9.18,0.0126964971739269
Sample_2,140.0,4.0,0,0,2,9.19,0.0123941231944275
Sample_2,140.0,4.0,0,0,2,9.2,0.0120964525001397
Sample_2,140.0,4.0,0,0,2,9.21,0.0118035945176031
Sample_2,140.0,4.0,0,0,2,9.22,0.0115156547969305
Sample_2,140.0,4.0,0,0,2,9.23,0.0112327350412078
Sample_2,140.0,4.0,0,0,2,9.24,0.0109549331428055
Sample_2,140.0,4.0,0,0,2,9.25,0.0106823432264109
Sample_2,140.0,4.0,0,0,2,9.26,0.0104150556985708
Sample_2,140.0,4.0,0,0,2,9.27,0.0101531573035194
Sample_2,140.0,4.0,0,0,2,9.28,0.0098967311850455
Sample_2,140.0,4.0,0,0,2,9.29,0.0096458569541402
Sample_2,140.0,4.0,0,0,2,9.3,0.0094006107621468
Sample_2,140.0,4.0,0,0,2,9.31,0.009161065379123
Sample_2,140.0,4.0,0,0,2,9.32,0.0089272902771084
Sample_2,140.0,4.0,0,0,2,9.33,0.0086993517179809
Sample_2,140.0,4.0,0,0,2,9.34,0.0084773128455688
Sample_2,140.0,4.0,0,0,2,9.35,0.0082612337816777
Sample_2,140.0,4.0,0,0,2,9.36,0.0080511717256797
Sample_2,140.0,4.0,0,0,2,9.37,0.0078471810573021
Sample_2,140.0,4.0,0,0,2,9.38,0.0076493134422473
Sample_2,140.0,4.0,0,0,2,9.39,0.007457617940264
Sample_2,140.0,4.0,0,0,2,9.4,0.0072721411152897
Sample_2,140.0,4.0,0,0,2,9.41,0.0070929271472725
Sample_2,140.0,4.0,0,0,2,9.42,0.0069200179452831
Sample_2,140.0,4.0,0,0,2,9.43,0.0067534532615189
Sample_2,140.0,4.0,0,0,2,9.44,0.0065932708058055
Sample_2,140.0,4.0,0,0,2,9.45,0.0064395063601966
Sample_2,140.0,4.0,0,0,2,9.46,0.006292193893276
Sample_2,140.0,4.0,0,0,2,9.47,0.0061513656737651
Sample_2,140.0,4.0,0,0,2,9.48,0.0060170523830441
Sample_2,140.0,4.0,0,0,2,9.49,0.0058892832261971
Sample_2,140.0,4.0,0,0,2,9.5,0.0057680860411956
Sample_2,140.0,4.0,0,0,2,9.51,0.005653487405844
Sample_2,140.0,4.0,0,0,2,9.52,0.0055455127421122
Sample_2,140.0,4.0,0,0,2,9.53,0.0054441864174934
Sample_2,140.0,4.0,0,0,2,9.54,0.0053495318430304
Sample_2,140.0,4.0,0,0,2,9.55,0.0052615715676651
Sample_2,140.0,4.0,0,0,2,9.56,0.0051803273685751
Sample_2,140.0,4.0,0,0,2,9.57,0.0051058203371749
Sample_2,140.0,4.0,0,0,2,9.58,0.0050380709604684
Sample_2,140.0,4.0,0,0,2,9.59,0.0049770991974555
Sample_2,140.0,4.0,0,0,2,9.6,0.0049229245503074
Sample_2,140.0,4.0,0,0,2,9.61,0.0048755661300404
Sample_2,140.0,4.0,0,0,2,9.62,0.0048350427164325
Sample_2,140.0,4.0,0,0,2,9.63,0.0048013728119453
Sample_2,140.0,4.0,0,0,2,9.64,0.004774574689426
Sample_2,140.0,4.0,0,0,2,9.65,0.0047546664333857
Sample_2,140.0,4.0,0,0,2,9.66,0.0047416659746643
Sample_2,140.0,4.0,0,0,2,9.67,0.0047355911183118
Sample_2,140.0,4.0,0,0,2,9.68,0.0047364595645346
Sample_2,140.0,4.0,0,0,2,9.69,0.004744288922572
Sample_2,140.0,4.0,0,0,2,9.7,0.0047590967173902
Sample_2,140.0,4.0,0,0,2,9.71,0.0047809003890968
Sample_2,140.0,4.0,0,0,2,9.72,0.0048097172850023
Sample_2,140.0,4.0,0,0,2,9.73,0.0048455646442708
Sample_2,140.0,4.0,0,0,2,9.74,0.0048884595751257
Sample_2,140.0,4.0,0,0,2,9.75,0.0049384190245929
Sample_2,140.0,4.0,0,0,2,9.76,0.0049954597407867
Sample_2,140.0,4.0,0,0,2,9.77,0.0050595982277621
Sample_2,140.0,4.0,0,0,2,9.78,0.0051308506929762
Sample_2,140.0,4.0,0,0,2,9.79,0.0052092329874254
Sample_2,140.0,4.0,0,0,2,9.8,0.0052947605385385
Sample_2,140.0,4.0,0,0,2,9.81,0.0053874482759327
Sample_2,140.0,4.0,0,0,2,9.82,0.0054873105501517
Sample_2,140.0,4.0,0,0,2,9.83,0.0055943610445302
Sample_2,140.0,4.0,0,0,2,9.84,0.0057086126803449
Sample_2,140.0,4.0,0,0,2,9.85,0.0058300775154297
Sample_2,140.0,4.0,0,0,2,9.86,0.0059587666364554
Sample_2,140.0,4.0,0,0,2,9.87,0.0060946900450873
Sample_2,140.0,4.0,0,0,2,9.88,0.0062378565382529
Sample_2,140.0,4.0,0,0,2,9.89,0.0063882735827716
Sample_2,140.0,4.0,0,0,2,9.9,0.0065459471846105
Sample_2,140.0,4.0,0,0,2,9.91,0.0067108817530489
Sample_2,140.0,4.0,0,0,2,9.92,0.0068830799600501
Sample_2,140.0,4.0,0,0,2,9.93,0.0070625425951505
Sample_2,140.0,4.0,0,0,2,9.94,0.007249268416195
Sample_2,140.0,4.0,0,0,2,9.95,0.0074432539962576
Sample_2,140.0,4.0,0,0,2,9.96,0.0076444935670999
Sample_2,140.0,4.0,0,0,2,9.97,0.0078529788595345
Sample_2,140.0,4.0,0,0,2,9.98,0.008068698941069
Sample_2,140.0,4.0,0,0,2,9.99,0.0082916400512193
Sample_2,140.0,4.0,0,0,2,10.0,0.0085217854348902
